operator,binding_energy,repressor,inducer_uM,m0p0,m1p0,m2p0,m3p0,m4p0,m5p0,m6p0,m0p1,m1p1,m0p2,m2p1,m1p2,m0p3,m3p1,m2p2,m1p3,m0p4,m4p1,m3p2,m2p3,m1p4,m0p5,m5p1,m4p2,m3p3,m2p4,m1p5,m0p6
O1,-15.3,0,0,1.0000018662756416,18.355678949183037,443.52792008674965,13165.55741574422,458335.72930442676,18131971.382883914,797772035.2440224,9482.109964635012,185562.56581289115,95296741.93622477,4701315.272879237,1979295095.7185495,1015689892593.6544,144194033.85316938,52228662107.43435,22215691466381.375,1.1445037052045604e+16,5131732384.980574,1645564997520.1223,606026645800261.1,2.61157621765982e+17,1.3556077335018065e+20,206095263496.3073,59619437279883.555,1.9507216153511124e+16,7.312704631813349e+18,3.197255478118852e+21,1.6759445354666268e+24
O1,-15.3,0,0.1,1.0000018662756416,18.355678949183037,443.52792008674965,13165.55741574422,458335.72930442676,18131971.382883914,797772035.2440224,9482.109964635012,185562.56581289115,95296741.93622477,4701315.272879237,1979295095.7185495,1015689892593.6544,144194033.85316938,52228662107.43435,22215691466381.375,1.1445037052045604e+16,5131732384.980574,1645564997520.1223,606026645800261.1,2.61157621765982e+17,1.3556077335018065e+20,206095263496.3073,59619437279883.555,1.9507216153511124e+16,7.312704631813349e+18,3.197255478118852e+21,1.6759445354666268e+24
O1,-15.3,0,5,1.0000018662756416,18.355678949183037,443.52792008674965,13165.55741574422,458335.72930442676,18131971.382883914,797772035.2440224,9482.109964635012,185562.56581289115,95296741.93622477,4701315.272879237,1979295095.7185495,1015689892593.6544,144194033.85316938,52228662107.43435,22215691466381.375,1.1445037052045604e+16,5131732384.980574,1645564997520.1223,606026645800261.1,2.61157621765982e+17,1.3556077335018065e+20,206095263496.3073,59619437279883.555,1.9507216153511124e+16,7.312704631813349e+18,3.197255478118852e+21,1.6759445354666268e+24
O1,-15.3,0,10,1.0000018662756416,18.355678949183037,443.52792008674965,13165.55741574422,458335.72930442676,18131971.382883914,797772035.2440224,9482.109964635012,185562.56581289115,95296741.93622477,4701315.272879237,1979295095.7185495,1015689892593.6544,144194033.85316938,52228662107.43435,22215691466381.375,1.1445037052045604e+16,5131732384.980574,1645564997520.1223,606026645800261.1,2.61157621765982e+17,1.3556077335018065e+20,206095263496.3073,59619437279883.555,1.9507216153511124e+16,7.312704631813349e+18,3.197255478118852e+21,1.6759445354666268e+24
O1,-15.3,0,25,1.0000018662756416,18.355678949183037,443.52792008674965,13165.55741574422,458335.72930442676,18131971.382883914,797772035.2440224,9482.109964635012,185562.56581289115,95296741.93622477,4701315.272879237,1979295095.7185495,1015689892593.6544,144194033.85316938,52228662107.43435,22215691466381.375,1.1445037052045604e+16,5131732384.980574,1645564997520.1223,606026645800261.1,2.61157621765982e+17,1.3556077335018065e+20,206095263496.3073,59619437279883.555,1.9507216153511124e+16,7.312704631813349e+18,3.197255478118852e+21,1.6759445354666268e+24
O1,-15.3,0,50,1.0000018662756416,18.355678949183037,443.52792008674965,13165.55741574422,458335.72930442676,18131971.382883914,797772035.2440224,9482.109964635012,185562.56581289115,95296741.93622477,4701315.272879237,1979295095.7185495,1015689892593.6544,144194033.85316938,52228662107.43435,22215691466381.375,1.1445037052045604e+16,5131732384.980574,1645564997520.1223,606026645800261.1,2.61157621765982e+17,1.3556077335018065e+20,206095263496.3073,59619437279883.555,1.9507216153511124e+16,7.312704631813349e+18,3.197255478118852e+21,1.6759445354666268e+24
O1,-15.3,0,75,1.0000018662756416,18.355678949183037,443.52792008674965,13165.55741574422,458335.72930442676,18131971.382883914,797772035.2440224,9482.109964635012,185562.56581289115,95296741.93622477,4701315.272879237,1979295095.7185495,1015689892593.6544,144194033.85316938,52228662107.43435,22215691466381.375,1.1445037052045604e+16,5131732384.980574,1645564997520.1223,606026645800261.1,2.61157621765982e+17,1.3556077335018065e+20,206095263496.3073,59619437279883.555,1.9507216153511124e+16,7.312704631813349e+18,3.197255478118852e+21,1.6759445354666268e+24
O1,-15.3,0,100,1.0000018662756416,18.355678949183037,443.52792008674965,13165.55741574422,458335.72930442676,18131971.382883914,797772035.2440224,9482.109964635012,185562.56581289115,95296741.93622477,4701315.272879237,1979295095.7185495,1015689892593.6544,144194033.85316938,52228662107.43435,22215691466381.375,1.1445037052045604e+16,5131732384.980574,1645564997520.1223,606026645800261.1,2.61157621765982e+17,1.3556077335018065e+20,206095263496.3073,59619437279883.555,1.9507216153511124e+16,7.312704631813349e+18,3.197255478118852e+21,1.6759445354666268e+24
O1,-15.3,0,250,1.0000018662756416,18.355678949183037,443.52792008674965,13165.55741574422,458335.72930442676,18131971.382883914,797772035.2440224,9482.109964635012,185562.56581289115,95296741.93622477,4701315.272879237,1979295095.7185495,1015689892593.6544,144194033.85316938,52228662107.43435,22215691466381.375,1.1445037052045604e+16,5131732384.980574,1645564997520.1223,606026645800261.1,2.61157621765982e+17,1.3556077335018065e+20,206095263496.3073,59619437279883.555,1.9507216153511124e+16,7.312704631813349e+18,3.197255478118852e+21,1.6759445354666268e+24
O1,-15.3,0,500,1.0000018662756416,18.355678949183037,443.52792008674965,13165.55741574422,458335.72930442676,18131971.382883914,797772035.2440224,9482.109964635012,185562.56581289115,95296741.93622477,4701315.272879237,1979295095.7185495,1015689892593.6544,144194033.85316938,52228662107.43435,22215691466381.375,1.1445037052045604e+16,5131732384.980574,1645564997520.1223,606026645800261.1,2.61157621765982e+17,1.3556077335018065e+20,206095263496.3073,59619437279883.555,1.9507216153511124e+16,7.312704631813349e+18,3.197255478118852e+21,1.6759445354666268e+24
O1,-15.3,0,1000,1.0000018662756416,18.355678949183037,443.52792008674965,13165.55741574422,458335.72930442676,18131971.382883914,797772035.2440224,9482.109964635012,185562.56581289115,95296741.93622477,4701315.272879237,1979295095.7185495,1015689892593.6544,144194033.85316938,52228662107.43435,22215691466381.375,1.1445037052045604e+16,5131732384.980574,1645564997520.1223,606026645800261.1,2.61157621765982e+17,1.3556077335018065e+20,206095263496.3073,59619437279883.555,1.9507216153511124e+16,7.312704631813349e+18,3.197255478118852e+21,1.6759445354666268e+24
O1,-15.3,0,5000,1.0000018662756416,18.355678949183037,443.52792008674965,13165.55741574422,458335.72930442676,18131971.382883914,797772035.2440224,9482.109964635012,185562.56581289115,95296741.93622477,4701315.272879237,1979295095.7185495,1015689892593.6544,144194033.85316938,52228662107.43435,22215691466381.375,1.1445037052045604e+16,5131732384.980574,1645564997520.1223,606026645800261.1,2.61157621765982e+17,1.3556077335018065e+20,206095263496.3073,59619437279883.555,1.9507216153511124e+16,7.312704631813349e+18,3.197255478118852e+21,1.6759445354666268e+24
O1,-15.3,22,0,1.0000000027834337,0.6549943707979445,4.459619807654036,54.64466219421341,983.7898246477553,23187.081975935165,669624.2645344044,338.3545749797219,308.3706093775332,160343.40715901516,2274.9282991413597,192833.13312023436,100699909.82171038,29669.984534207815,1517244.1812550172,152476398.8781365,80521065110.93027,560601.1183493343,20724950.117625237,1261781681.3989973,146817374373.53006,79207569163180.42,13753196.27890708,405453176.7862502,17838520926.392265,1263455813129.4683,167120655625456.12,9.295454247363491e+16
O1,-15.3,22,0.1,0.9999999995680997,0.6578455778413466,4.485365488629008,55.028842015721324,991.7638012279659,23396.698771855004,676229.6834448795,339.82744211930765,310.83336420486813,161618.83904833972,2296.336590718842,194977.78724317966,101815293.37949544,29986.658519873476,1536310.1472450064,154600844.65147465,81637324012.46263,567193.8084086605,21012032.141873825,1281218990.104893,149243058797.89035,80507178232988.86,13927956.733490355,411521767.4769675,18136758794.61061,1286226022438.6252,170287793555611.84,9.469995264471085e+16
O1,-15.3,22,5,1.0000000293672076,1.3255910049071078,11.773474234296481,180.60098905537023,3916.0104965586443,108023.57735190705,3571831.552458357,684.7689005531378,1153.208338483272,597151.48986217,11097.58321880594,1245197.0037183727,646342161.6928164,181163.98130009335,12806814.089911759,1621871231.4943194,848615075351.3658,4124042.471653039,219483281.48500636,17597892680.724842,2486043862647.8257,1321274220050692.0,118401118.95645504,5187543119.2009,313177110917.6078,28144053687140.324,4390291999293595.5,2.386539139146234e+18
O1,-15.3,22,10,1.0000000346023217,2.7505840490804068,33.82659457018885,664.1646710276635,17419.135518961924,559344.438466858,20947949.096179295,1420.886620662105,4699.786736839044,2426894.467065922,62490.41860273193,9509557.221155293,4914856612.110467,1301379.9606900765,135046029.41606522,22372249087.608448,11627834738027.17,35692328.25892812,2948517764.1278186,335245221531.5223,60135539527041.88,3.161595772610541e+16,1187203745.3082407,83795884500.15451,7599153584490.167,940783425555201.1,1.8174397549075386e+17,9.714932943010837e+19
O1,-15.3,22,25,1.0000009954436564,7.6480663566988,143.9622213895084,3725.075063844813,118639.42150472985,4405709.961679763,184825605.81591946,3950.809721901647,34370.713898474794,17693999.13837503,690511.3697206446,173389124.47599795,89172047800.99188,18706221.94726295,3680746853.202552,970808052474.3041,500816134229158.8,615423439.8782469,103477356621.3768,21555665168194.758,5962066891764210.0,3.0980844533017636e+18,23401004687.85544,3493567467543.434,624066496868227.1,1.3720020046371637e+17,3.970355046650888e+19,2.08492467359036e+22
O1,-15.3,22,50,0.9999996869631286,12.308523888322505,269.45026581988037,7592.015504618942,255677.207097581,9881408.549839878,427243384.2503996,6358.293412162103,86320.20308026418,44374144.26320869,1997750.912418133,659297203.5800313,338483032630.4789,58495395.5497404,15996566723.507261,5442550049104.528,2802526845958408.0,2022698812.911206,483245424968.307,137232322228911.23,4.814235350213653e+16,2.495882597929725e+19,79640127394.26459,17067330546303.854,4249582285056809.0,1.2513482007306437e+18,4.5230080498815114e+20,2.3673025786522522e+23
O1,-15.3,22,75,1.0000003115723726,14.294744227575084,325.6716733210976,9374.66771628175,320072.0523376516,12490502.436666273,543986628.7419652,7384.3260327429525,115079.87920903668,59134276.61723693,2763140.634264507,997859007.8632267,512142041615.03186,82472466.92651266,25055191042.67104,9263320682988.861,4769650206813319.0,2886178884.649786,770233299247.7668,241226248289927.7,9.139277273274507e+16,4.738658316416972e+19,114582471881.4614,27494934847024.41,7591390049196774.0,2.449324502332342e+18,9.509079851863487e+20,4.977543615691057e+23
O1,-15.3,22,100,1.0000002638884662,15.288319449671492,354.19541069196026,10286.429831189755,353186.87885014515,13837527.33068843,604441312.0940212,7897.583482305696,130895.61916626079,67249782.3781382,3191555.994295515,1200736442.0797474,616212029661.5289,96013298.79794763,30582104487.852787,11739749979318.602,6045157917443832.0,3376530469.3251157,946880656674.9387,309828979634871.6,1.215236763036553e+17,6.302118695624099e+19,134501573557.35178,33947468465126.34,9814666659286764.0,3.2982703101403336e+18,1.32225094735722e+21,6.92296684279995e+23
O1,-15.3,22,250,0.9999988518300973,16.902940158415696,401.00584258767987,11791.168715004225,408045.2387708395,16075166.594021974,705078525.5621452,8731.66314129763,158585.71278932903,81456825.68578109,3951408.6717174454,1581055716.786523,811332130945.5984,120185548.54117608,41083746091.947975,16684693857989.678,8593271577358659.0,4255388488.307756,1284722745482.0002,448664915692380.5,1.853255767276257e+17,9.615062680501882e+19,170301308816.59305,46336402311833.02,1.4342812106243378e+16,5.119701499688885e+18,2.1528770572314437e+21,1.1278087888708524e+24
O1,-15.3,22,500,0.9999990881891198,17.34676651195759,413.9596211204087,12209.17136139766,423323.59869189444,16699527.257335229,733199151.4971924,8960.928569763984,166622.08506226545,85579797.81843747,4173911.746174376,1696968693.4192212,870808416666.514,127295007.92444414,44313910139.778625,18260303887848.477,9405482740267704.0,4514578535.630391,1389095637901.7517,493302243573467.4,2.064988762484223e+17,1.0715106675158313e+20,180878994953.73984,50173873167183.28,1.5804836511896028e+16,5.729451841410688e+18,2.439053246908528e+21,1.277952231796768e+24
O1,-15.3,22,1000,1.0000010043086678,17.543998671207667,419.72684797719177,12395.47133569201,430137.90834230627,16978144.11063175,745752814.3186598,9062.812594511566,170251.31419777274,87441703.34388943,4274652.230235828,1750085831.636936,898064692476.5192,130517954.40720044,45798094392.16345,18992044148824.09,9782733944545484.0,4632169172.28605,1437113659125.4927,514087492988326.75,2.1645389321362077e+17,1.123240684234438e+20,185680497868.54965,51940688154196.734,1.6486467963907466e+16,6.016877761762505e+18,2.5751468526569993e+21,1.349369417237821e+24
O1,-15.3,22,5000,1.000000016599395,17.68851030678017,423.95680376333775,12532.191022476587,435140.6317366843,17182747.439013764,754973601.4429643,9137.466948278,172933.54286831323,88817780.7598654,4349206.106209702,1789647663.684414,918365952360.291,132904701.58722496,46905064913.46304,19540904531707.016,1.0065721081232204e+16,4719286129.677514,1472951436241.207,529699550236619.75,2.2396951302130422e+17,1.1622986427270018e+20,189238681681.99466,53259854430269.555,1.6998780462010236e+16,6.234164912590249e+18,2.678511054638446e+21,1.4036176915777067e+24
O1,-15.3,260,0,1.0000000000003457,0.05729406321550611,0.2640200466486301,2.2377741126480313,28.972722566121554,506.0840215643356,11094.546057686795,29.59675565197946,6.453654467701365,3447.6416535687435,32.50528300404081,1400.939589759059,757377.5842181213,295.54875101733256,7456.1303768042535,459924.3107163023,256769912.35001418,4027.4524253697177,70314.44417499346,2534215.1203053547,203081037.51447508,120072524133.10556,73256.81924233417,980460.6849537115,24416767.91061477,1144546380.449971,112702335369.2592,71780448430548.7
O1,-15.3,260,0.1,0.9999999999998467,0.05755192553772307,0.26526786668410796,2.2488580951045756,29.122366843933456,508.7995740868974,11156.2142881203,29.729961225138243,6.491620764773346,3467.757591814245,32.703149132086,1410.3058647015673,762398.1351526544,297.4087098541273,7507.624337195716,463276.5630148685,258617091.95722207,4053.588852051154,70815.64272742759,2553312.380977847,204666785.60915673,120991309075.5982,73746.01292857125,987656.8120448552,24606662.996883452,1153796425.4800565,113636424178.14055,72359128617356.64
O1,-15.3,260,5,1.000000000008536,0.12010510516530586,0.5834521864589395,5.2123800999704235,70.86309103614242,1296.0828893199537,29686.626313506556,62.043451843715204,18.06186002361557,9564.40427479152,95.5418599755204,4688.3544773182075,2507857.2090047016,912.2928068456954,26280.402109512248,1765167.295796837,968345841.6244378,13021.043031054684,260985.821536836,10293429.017648246,877120512.7430601,503795076410.5183,247527.01791580007,3822312.0400980245,104815075.17997581,5257361911.140767,542450408228.3438,331244222981454.94
O1,-15.3,260,10,1.0000000000340052,0.26974224786449735,1.465848760881027,14.601323495220893,219.20805022376285,4394.42818748117,109667.50958619754,139.34245492840265,64.79244359762853,33970.829813008844,382.0562162675656,23441.89169379685,12381252.957270943,4054.5627539920647,146942.25091995564,11542671.583107568,6204155263.222498,63814.622441285705,1627012.804417601,75693981.31431508,7250564046.722922,4026442644547.545,1329114.8436057027,26377011.205538377,863144910.9327277,49163687318.04345,5555752170397.449,3227790070005895.5
O1,-15.3,260,25,1.0000000022253135,1.0461486441609302,8.4341620532243,119.49959741981976,2429.5545258461234,63528.38486017505,2007553.2757645408,540.4156023537392,736.4594723631309,381804.37400367274,6433.423489573101,656314.7334275532,341273798.03918946,97025.1657455934,6124199.102228462,715755301.538057,375518578959.66345,2071378.436240733,96909337.34026289,7040052978.0481205,928603937374.3572,495692724052920.44,56397063.3740606,2146902724.7149603,115577943701.41771,9520807495226.88,1399729934380796.2,7.660211060039789e+17
O1,-15.3,260,50,0.9999995636911435,2.6968946334205013,32.8704863702799,641.287100434775,16739.838349396312,535567.7057510574,19998820.356774878,1393.1518337579564,4523.464354667421,2335991.8261332624,59616.70410354663,8994450.140085287,4649106683.213307,1233834.96475522,126617878.88074198,20812850466.81165,10819081813459.291,33686198.54162532,2747662359.07694,309178590104.68384,55066309810957.414,2.895836077758564e+16,1116591694.4575787,77743102964.03653,6966133105687.476,854059477133247.8,1.6391805980868144e+17,8.76560067782449e+19
O1,-15.3,260,75,1.0000002443333984,4.212566518191321,62.62297340766664,1399.5909727115043,40310.430990156405,1390109.4599720037,55080447.56560318,2176.1120701197806,10766.076377960935,5552230.119338879,172383.64282251964,31871108.26190707,16437077516.906374,4068264.351729641,543392304.9876307,107659962493.30151,55769239354235.3,121974623.66031212,13399822217.82593,1932293010543.181,408848111769192.8,2.1379858769553293e+17,4337217001.557633,414838683198.7247,49342553181587.58,7646397845080716.0,1.721196232700981e+18,9.124522953842051e+20
O1,-15.3,260,100,1.00000065453104,5.44499168739823,90.09008265851357,2156.1402448255735,65135.245890724174,2327282.083689715,94788050.54676001,2812.7533846164856,17747.11974328994,9145529.86270852,315191.4820288395,66133138.56903786,34065039786.028015,7938248.813923003,1247082231.3565454,278007849753.4266,143738872509090.97,248830842.81687868,32728244794.81509,5505522904677.401,1300615725014580.8,6.781077510863487e+17,9139802875.64879,1056566070002.3214,149288796030386.66,2.6785258273705976e+16,6.684522778333777e+18,3.5276524863758784e+21
O1,-15.3,260,250,1.0000003870166305,9.106407056646024,181.93982677868732,4872.584017505946,158763.37089222026,5993225.18660293,254574487.08622396,4704.153990126045,48223.10443367715,24811983.47115452,1024867.5055940303,283711850.8461213,145803051601.1493,28657483.380744066,6353388757.141679,1835729072483.1694,946144056948656.9,962348885.4082335,183960548741.97137,42898527622240.93,1.2923101399579492e+16,6.706832919829005e+18,37125318329.639725,6328079765078.284,1276922628374824.5,3.123823525434084e+17,9.793660907115386e+19,5.1335626954292725e+22
O1,-15.3,260,500,0.9999984653335455,10.878513852333002,229.7992593295351,6349.598561474177,211154.20765722718,8087931.219066278,347351728.83242214,5619.585901583709,68023.9644626525,34981276.55289585,1523036.5576822176,467218466.558932,239955571883.74124,43816337.94172192,10989875133.149178,3494168546753.1895,1799718389831276.0,1498358577.4520113,326676810268.6925,85558433543252.53,2.818199158467894e+16,1.4614039562562363e+19,58541454997.82222,11423209646390.47,2609989793014138.0,7.123544245705428e+17,2.427912757724869e+20,1.2711777865371088e+23
O1,-15.3,260,1000,0.9999993978766025,11.86712877745724,257.12781740583387,7204.396101038236,241750.0615748567,9319321.867677288,402168200.2807539,6130.278355566043,80454.92717494551,41363339.86300001,1844347.7497191501,595582007.418575,305801264241.9065,53732330.12118864,14322433723.404568,4775850484218.208,2459367410887791.0,1852120813.4156015,430682382777.9385,119413089359538.58,4.1115373927443256e+16,2.1316612830386405e+19,72764003316.32034,15167877639701.168,3682029030223138.0,1.0601843243444932e+18,3.765901174084639e+20,1.971156033304996e+23
O1,-15.3,260,5000,1.0000008051493545,12.696455754236577,280.33589191295204,7935.449875649524,268041.3265827136,10381136.033052173,449561419.40084535,6558.687230947354,91634.09667215707,47101692.991945855,2137608.805769574,718664175.6875314,368933932972.89276,62851896.173144765,17566532676.31513,6080133889766.503,3130722219892798.0,2179032123.935969,532696367439.3983,154382297003971.44,5.5027690180105976e+16,2.85280628720039e+19,85950881102.1321,18857810522757.145,4797527287920565.0,1.4398299851363643e+18,5.281937882209301e+20,2.7644556329278044e+23
O1,-15.3,1740,0,1.0000000000000635,0.008583971673172692,0.03786602492721054,0.3070555089592593,3.813873772324303,64.03756332213955,1351.3621195313185,4.434276395859014,0.715511635095082,386.9206326139913,3.4694261677287694,132.14615166357194,72442.21167787793,30.348967460060432,674.1961489442581,38517.52207603258,22013112.347859383,398.5074650472272,6091.579007537349,202108.40680033658,15343038.53661943,9428039389.648684,6994.177131877295,81529.93361998997,1856516.9693877043,81820829.9617992,7735004695.25369,5206839805372.69
O1,-15.3,1740,0.1,1.0000000000003482,0.008622708697449804,0.03803826373946555,0.30846344681969146,3.8314932466528124,64.33552399805028,1357.693195515268,4.454287026731217,0.718941411791184,388.77026568480613,3.486159682051345,132.79784449726876,72798.4171211697,30.496269785272407,677.5442690913178,38711.31868523004,22123327.621450026,400.4534215455782,6122.0446907196965,203133.68509446149,15421573.477084834,9475917203.351784,7028.530206403732,81940.44434930768,1866010.0557142168,82243582.87815142,7775235789.5901985,5233621019511.592
O1,-15.3,1740,5,1.0000000000002656,0.018047181472288704,0.0803050817619207,0.6569817550858602,8.228523355945647,139.26784695555497,2961.6826947327504,9.322746378625839,1.607014887382136,866.4256733063487,7.849055595977608,306.7997245597422,167627.807080203,69.17335325815287,1578.3882463848406,91600.20385115978,52056252.358208895,914.8617245914517,14383.074957670196,485453.26843064796,37260322.448505685,22684908439.828808,16168.781188515419,194082.49028555708,4502767.955818189,200996958.57003817,19159084056.105816,12727321123432.951
O1,-15.3,1740,10,1.000000000000252,0.04081649781636507,0.18538326553859225,1.5484816124618437,19.776383900826396,340.99623156415,7382.900718930641,21.084835752681474,4.193305175621603,2247.661883812189,20.84840706213591,863.978019811211,468919.55708528793,187.0912809111138,4533.897141998738,272811.64619235037,153308591.79749545,2517.779304927947,42153.423028389225,1479448.559825546,116484768.53491248,69620552840.63925,45249.61644444145,579861.7384412598,14034045.620389868,644955359.3398552,62668467590.1192,40540826396929.79
O1,-15.3,1740,25,1.000000000005073,0.16428511917544047,0.8264674119411108,7.641560006550695,107.22232695153886,2019.7243861565064,47565.02653691692,84.86580054706943,29.064780444742375,15329.90421831967,158.97012812137226,8419.343168376796,4481283.241293881,1568.7453483691118,48859.25313555944,3457255.346011649,1881348076.3426576,23090.2180240556,502061.3837957748,20918080.75065141,1852143907.345376,1049716385099.5657,451861.6090256336,7593211.595838249,220768542.68268797,11545223522.681574,1226911096710.5808,734666249853930.2
O1,-15.3,1740,50,0.9999999999822455,0.46053802661020504,2.8248036580216525,31.50838028523898,522.9936438679545,11476.96640257871,311031.28585433756,237.903033682165,163.27038781729172,85138.97496981849,1085.3581307810161,80402.4883842911,42155601.35779574,12886.656312089912,569317.1876044476,51490099.07151726,27359646094.178684,224342.38632963586,7068593.412894029,382702635.1559818,40910940790.19017,22294556046876.367,5120255.65226484,127145654.49680834,4908081657.209622,315545957830.53827,38933313220519.21,2.198817426567871e+16
O1,-15.3,1740,75,1.0000000020611743,0.782141178976837,5.655417133408904,73.04390137799079,1375.0866675011875,33683.65931328632,1006168.956602956,404.03560380451154,427.59599740380196,222064.12736256415,3349.982222611896,304436.13480249775,158701810.68445763,46055.10575483472,2545388.1142590228,270514806.69089633,142472514150.45923,910196.593394498,36677900.41855642,2380952634.1358514,290055162131.25134,155802455280602.56,23214169.222464725,751262088.38908,35543513154.04921,2657424667930.9204,365228087581520.56,2.0179675206818035e+17
O1,-15.3,1740,100,0.9999999965606106,1.0881812184279678,8.911331217338109,127.9146257765771,2628.5029942366255,69346.74395851183,2208159.011796537,562.1286401553622,793.2522546364239,411161.09287790157,7038.789212859398,729487.1381509746,379204689.0917237,107543.99602360939,6915034.789236647,818900236.0661086,429429576955.8114,2320531.271341608,110868223.50664759,8183711021.679898,1091577639573.7715,582241714094242.0,63744555.71935191,2482756772.253425,136150554681.83705,11373119073530.178,1688141939772233.2,9.22769508755056e+17
O1,-15.3,1740,250,1.0000004488561387,2.3541100136737487,26.970625374900397,503.17304776881195,12703.064835926109,395969.59085460403,14479586.054850958,1216.0774096465768,3476.0818598383207,1795910.2113921037,43094.465987910145,6131463.395923283,3171547376.1136513,853731.1750622854,81231659.2750992,12664931567.371695,6590993617519.3545,22567889.721028924,1688435380.13726,177113455361.82587,30067732347858.35,1.5840983986863252e+16,729714368.4977521,46290815485.95171,3823896541937.838,439094747507470.7,8.066973527388002e+16,4.3261052305269965e+19
O1,-15.3,1740,500,1.0000014829355421,3.277911737385979,43.63529806449853,905.5528918082606,24733.70332095724,819389.6375491786,31458175.733957272,1693.2908156462672,6607.392874601039,3410088.7640378033,94976.23810356425,15626071.002487628,8068888741.794204,2087211.6731771643,239662404.153879,42633754357.47834,22127624195764.215,59513980.87293617,5515391204.6964445,689478235888.1501,132023180960673.95,6.925349847430887e+16,2038662645.3608494,162748948252.99936,16459081752022.605,2227817788568478.2,4.5704544524758464e+17,2.434532429687023e+20
O1,-15.3,1740,1000,1.0000004403534566,3.9397386282284206,56.89262401993009,1247.427168476693,35444.16493803587,1209911.4305679782,47560012.79058653,2035.175835429548,9450.07301093072,4874512.801697537,147096.35925927505,26345247.258992456,13591633910.226791,3408474.197766724,436934929.79560393,84054268022.3016,43563390680087.34,100897230.90351762,10585839905.687496,1468241923073.02,302261463571458.2,1.5818992675475632e+17,3554117452.0837097,323771959152.4248,36854469596012.61,5504024128094699.0,1.2076901498856763e+18,6.410280244285782e+20
O1,-15.3,1740,5000,0.9999994759875547,4.6085302018800745,71.18231315262018,1630.9386365195662,47801.581981487114,1670105.5548468223,66851459.45104071,2380.65798799348,12824.661171255388,6612122.493819809,213122.39672415343,41151592.424134046,21214106440.243626,5150396.823903668,727525454.1746092,150081075634.8016,77691434125785.1,156967717.08066395,18354194995.53275,2791002115227.7925,613200508384262.9,3.2031735890217024e+17,5648946189.041854,577087868818.6099,72860557420103.73,1.1875094390961868e+16,2.7687968903555743e+18,1.465415863421931e+21
O2,-13.9,0,0,1.0000017654835278,18.355677375930327,443.52788799464213,13165.556585079063,458335.70307275036,18131970.410299864,797771994.2170053,9482.10513381961,185562.47586238186,95296681.69043058,4701313.078255554,1979293875.7096887,1015689205747.6543,144193968.32707804,52228630484.08888,22215676607833.434,1.1445029127935688e+16,5131730096.593933,1645564013429.4592,606026243550516.1,2.611574415077486e+17,1.3556067891307558e+20,206095172830.3264,59619401936508.28,1.9507203275405704e+16,7.312699596601342e+18,3.1972532490823653e+21,1.6759433696495878e+24
O2,-13.9,0,0.1,1.0000017654835278,18.355677375930327,443.52788799464213,13165.556585079063,458335.70307275036,18131970.410299864,797771994.2170053,9482.10513381961,185562.47586238186,95296681.69043058,4701313.078255554,1979293875.7096887,1015689205747.6543,144193968.32707804,52228630484.08888,22215676607833.434,1.1445029127935688e+16,5131730096.593933,1645564013429.4592,606026243550516.1,2.611574415077486e+17,1.3556067891307558e+20,206095172830.3264,59619401936508.28,1.9507203275405704e+16,7.312699596601342e+18,3.1972532490823653e+21,1.6759433696495878e+24
O2,-13.9,0,5,1.0000017654835278,18.355677375930327,443.52788799464213,13165.556585079063,458335.70307275036,18131970.410299864,797771994.2170053,9482.10513381961,185562.47586238186,95296681.69043058,4701313.078255554,1979293875.7096887,1015689205747.6543,144193968.32707804,52228630484.08888,22215676607833.434,1.1445029127935688e+16,5131730096.593933,1645564013429.4592,606026243550516.1,2.611574415077486e+17,1.3556067891307558e+20,206095172830.3264,59619401936508.28,1.9507203275405704e+16,7.312699596601342e+18,3.1972532490823653e+21,1.6759433696495878e+24
O2,-13.9,0,10,1.0000017654835278,18.355677375930327,443.52788799464213,13165.556585079063,458335.70307275036,18131970.410299864,797771994.2170053,9482.10513381961,185562.47586238186,95296681.69043058,4701313.078255554,1979293875.7096887,1015689205747.6543,144193968.32707804,52228630484.08888,22215676607833.434,1.1445029127935688e+16,5131730096.593933,1645564013429.4592,606026243550516.1,2.611574415077486e+17,1.3556067891307558e+20,206095172830.3264,59619401936508.28,1.9507203275405704e+16,7.312699596601342e+18,3.1972532490823653e+21,1.6759433696495878e+24
O2,-13.9,0,25,1.0000017654835278,18.355677375930327,443.52788799464213,13165.556585079063,458335.70307275036,18131970.410299864,797771994.2170053,9482.10513381961,185562.47586238186,95296681.69043058,4701313.078255554,1979293875.7096887,1015689205747.6543,144193968.32707804,52228630484.08888,22215676607833.434,1.1445029127935688e+16,5131730096.593933,1645564013429.4592,606026243550516.1,2.611574415077486e+17,1.3556067891307558e+20,206095172830.3264,59619401936508.28,1.9507203275405704e+16,7.312699596601342e+18,3.1972532490823653e+21,1.6759433696495878e+24
O2,-13.9,0,50,1.0000017654835278,18.355677375930327,443.52788799464213,13165.556585079063,458335.70307275036,18131970.410299864,797771994.2170053,9482.10513381961,185562.47586238186,95296681.69043058,4701313.078255554,1979293875.7096887,1015689205747.6543,144193968.32707804,52228630484.08888,22215676607833.434,1.1445029127935688e+16,5131730096.593933,1645564013429.4592,606026243550516.1,2.611574415077486e+17,1.3556067891307558e+20,206095172830.3264,59619401936508.28,1.9507203275405704e+16,7.312699596601342e+18,3.1972532490823653e+21,1.6759433696495878e+24
O2,-13.9,0,75,1.0000017654835278,18.355677375930327,443.52788799464213,13165.556585079063,458335.70307275036,18131970.410299864,797771994.2170053,9482.10513381961,185562.47586238186,95296681.69043058,4701313.078255554,1979293875.7096887,1015689205747.6543,144193968.32707804,52228630484.08888,22215676607833.434,1.1445029127935688e+16,5131730096.593933,1645564013429.4592,606026243550516.1,2.611574415077486e+17,1.3556067891307558e+20,206095172830.3264,59619401936508.28,1.9507203275405704e+16,7.312699596601342e+18,3.1972532490823653e+21,1.6759433696495878e+24
O2,-13.9,0,100,1.0000017654835278,18.355677375930327,443.52788799464213,13165.556585079063,458335.70307275036,18131970.410299864,797771994.2170053,9482.10513381961,185562.47586238186,95296681.69043058,4701313.078255554,1979293875.7096887,1015689205747.6543,144193968.32707804,52228630484.08888,22215676607833.434,1.1445029127935688e+16,5131730096.593933,1645564013429.4592,606026243550516.1,2.611574415077486e+17,1.3556067891307558e+20,206095172830.3264,59619401936508.28,1.9507203275405704e+16,7.312699596601342e+18,3.1972532490823653e+21,1.6759433696495878e+24
O2,-13.9,0,250,1.0000017654835278,18.355677375930327,443.52788799464213,13165.556585079063,458335.70307275036,18131970.410299864,797771994.2170053,9482.10513381961,185562.47586238186,95296681.69043058,4701313.078255554,1979293875.7096887,1015689205747.6543,144193968.32707804,52228630484.08888,22215676607833.434,1.1445029127935688e+16,5131730096.593933,1645564013429.4592,606026243550516.1,2.611574415077486e+17,1.3556067891307558e+20,206095172830.3264,59619401936508.28,1.9507203275405704e+16,7.312699596601342e+18,3.1972532490823653e+21,1.6759433696495878e+24
O2,-13.9,0,500,1.0000017654835278,18.355677375930327,443.52788799464213,13165.556585079063,458335.70307275036,18131970.410299864,797771994.2170053,9482.10513381961,185562.47586238186,95296681.69043058,4701313.078255554,1979293875.7096887,1015689205747.6543,144193968.32707804,52228630484.08888,22215676607833.434,1.1445029127935688e+16,5131730096.593933,1645564013429.4592,606026243550516.1,2.611574415077486e+17,1.3556067891307558e+20,206095172830.3264,59619401936508.28,1.9507203275405704e+16,7.312699596601342e+18,3.1972532490823653e+21,1.6759433696495878e+24
O2,-13.9,0,1000,1.0000017654835278,18.355677375930327,443.52788799464213,13165.556585079063,458335.70307275036,18131970.410299864,797771994.2170053,9482.10513381961,185562.47586238186,95296681.69043058,4701313.078255554,1979293875.7096887,1015689205747.6543,144193968.32707804,52228630484.08888,22215676607833.434,1.1445029127935688e+16,5131730096.593933,1645564013429.4592,606026243550516.1,2.611574415077486e+17,1.3556067891307558e+20,206095172830.3264,59619401936508.28,1.9507203275405704e+16,7.312699596601342e+18,3.1972532490823653e+21,1.6759433696495878e+24
O2,-13.9,0,5000,1.0000017654835278,18.355677375930327,443.52788799464213,13165.556585079063,458335.70307275036,18131970.410299864,797771994.2170053,9482.10513381961,185562.47586238186,95296681.69043058,4701313.078255554,1979293875.7096887,1015689205747.6543,144193968.32707804,52228630484.08888,22215676607833.434,1.1445029127935688e+16,5131730096.593933,1645564013429.4592,606026243550516.1,2.611574415077486e+17,1.3556067891307558e+20,206095172830.3264,59619401936508.28,1.9507203275405704e+16,7.312699596601342e+18,3.1972532490823653e+21,1.6759433696495878e+24
O2,-13.9,22,0,1.0000001488541885,2.3950269313098733,20.055191297084995,277.5834322865485,5391.1764391688475,133828.1319817115,4013568.340573402,1237.2140856905728,3389.4743851339076,1747028.2555804288,30265.265977242354,5436269.702031922,2804416067.4139557,438633.9766878516,51345625.01526715,9794046755.530823,5080909007874.72,8802194.043489432,773190488.0810628,96997365929.81258,19619697701972.156,1.0286609966015184e+16,223894942.04160804,15937522668.796545,1507099775630.1428,202084015296969.03,4.324725902173443e+16,2.3010840208096477e+19
O2,-13.9,22,0.1,1.000000185865992,2.404423691365648,20.168473056281112,279.5339560516924,5435.162471572998,135048.78425268686,4053529.5228321906,1242.0683484334527,3415.3455493313786,1760342.1155808133,30548.098326843738,5496806.838456793,2835595435.092104,443332.42418457073,52004875.92599307,9935681799.063194,5154259013583.139,8906386.38772487,784169501.2578713,98564810668.27736,19965660294277.086,1.0467611293202072e+16,226759617.54895306,16181738490.326317,1533500204761.4375,205990016463856.66,4.414125291646206e+16,2.348519941473868e+19
O2,-13.9,22,5,1.00000013248801,4.403876313084689,49.552642407299786,863.4256061197573,20193.07963380207,585339.984901771,20038106.713925727,2274.9382276303068,11142.092215229904,5734441.262314176,133260.79551917283,31078738.085993815,15997189549.376709,2424748.2723170323,392121834.9804697,95035212296.69563,49151254321877.09,58480167.69315945,7398444264.78258,1254455116550.5798,316237692146684.25,1.650501460902858e+17,1734229032.9731677,183047228638.25558,24385435240677.574,4332905085369734.5,1.1358750029097972e+18,6.002370471668279e+20
O2,-13.9,22,10,1.0000006626411082,7.651270079159674,116.2483238909361,2527.559198137428,70174.059355439,2334889.8199792174,89560226.50352955,3952.464596799383,33050.389422806504,16994131.087478463,531683.1819787538,154599924.19448614,79467632516.02985,12033609.567983255,2614283312.9745493,779838828994.7975,402572330078727.2,343632220.68972254,61188706015.558815,13750722508572.027,4216036537052703.5,2.1944471384648799e+18,11668961796.656185,1788497393563.025,330807733077373.4,7.692780468384059e+16,2.425932814874998e+19,1.276740816750124e+22
O2,-13.9,22,25,1.0000006069935703,13.644836954654009,283.8382217051779,7654.47911427225,249036.30150807695,9365259.7936703,396096666.47272146,7048.598538563556,103451.55443399497,53150336.58972256,2265216.2948025707,835309027.1954213,428871110446.9259,63298077.14048356,19119444727.309498,7159656849886.692,3690598083498115.0,2110031935.619364,550223206956.4819,169993707070820.56,6.4805604422212056e+16,3.366284156391433e+19,80707452220.04085,18709729000002.9,5009550429648500.0,1.5844523717433439e+18,6.156618773698284e+20,3.2304627225892186e+23
O2,-13.9,22,50,1.0000015316897641,16.372156052231084,373.89688228933926,10710.412826280493,363697.10119140305,14124034.486392077,612564365.6743288,8457.468756531118,148150.04475424634,76095698.28616056,3553111.21832198,1419747691.772416,728697920586.054,105283028.04637834,35516112622.24941,14366982201924.129,7403037590725506.0,3658025964.314805,1082154936839.368,372054401627080.7,1.5276971736189386e+17,7.931794396600721e+19,144320126165.85928,38306688812385.9,1.1592149107669874e+16,4.0660676312579144e+18,1.6969959751912925e+21,8.898345123478389e+23
O2,-13.9,22,75,1.0000006771630938,17.1539501263458,400.95942362963575,11656.21097109641,399927.5049722817,15651200.03813031,682876496.5931728,8861.321486429188,162405.26262401027,83412217.31539011,3984037.869312165,1625927811.294042,834453544522.8667,119751023.94749293,41579133204.023735,17164751419607.309,8843923662652493.0,4202448118.3003125,1284603220533.349,454150301478155.2,1.901593510756319e+17,9.8720483739131e+19,167032069718.19064,45914539253523.26,1.4342542045788378e+16,5.168367470520787e+18,2.1980089032415484e+21,1.1523762767203926e+24
O2,-13.9,22,100,0.9999994848393301,17.490297809566144,412.7586375153082,12072.02896224162,415949.6858737111,16329522.807864206,714213850.2151809,9035.072403387238,168735.1054544446,86660879.93357028,4178068.9104222218,1720303830.7993422,882859377932.1067,126321137.72315535,44393339289.9772,18483435820080.918,9523035357759026.0,4451135639.34856,1379373733321.1387,493381171046131.2,2.082871726073391e+17,1.0812711650004168e+20,177451857686.25613,49496784787073.22,1.5667957677094628e+16,5.710078800115715e+18,2.447634096767991e+21,1.2831767512108485e+24
O2,-13.9,22,250,1.0000003684882255,17.974710204226014,429.91053356657534,12680.00734337719,439472.0796182346,17328426.12683598,760471482.2196054,9285.309324319845,178058.4937878918,91445726.40332973,4466684.515566131,1862369365.0264819,955722607738.567,136152735.74223268,48671758851.76731,20510743572262.184,1.0567051807556304e+16,4824816876.529064,1524323405015.8816,554289796916214.8,2.3673164772350528e+17,1.2288669036987395e+20,193156646851.00397,54998433585063.45,1.7738121345561028e+16,6.568380781016979e+18,2.8471660465752695e+21,1.49251734936069e+24
O2,-13.9,22,500,0.9999995742437537,18.096107667238552,434.23794255366363,12834.042594698343,445449.107777486,17582802.091381885,772271267.9532529,9348.021683455972,180433.5383989518,92664592.65986836,4540726.422176821,1899131417.5862927,974576854555.545,138685757.01288927,49786723306.86332,21043333939881.16,1.0841318546315194e+16,4921376147.233331,1562259461426.6826,570403103632153.0,2.443139907565124e+17,1.2682102731699585e+20,197223575164.60095,56442534402472.586,1.828810385794553e+16,6.798751714589706e+18,2.95517843849887e+21,1.549110444796507e+24
O2,-13.9,22,1000,1.0000018979965588,18.148627476974987,436.1130581665812,12900.859155217211,448043.78143326385,17693292.708474558,777398946.75936,9375.145424401431,181465.1993754204,93194003.02314284,4572950.439160665,1915168925.82903,982801820534.2487,139789461.85168704,50274090951.88527,21276665920406.785,1.0961475155223604e+16,4963483868.2112055,1578861774709.8496,577476401188632.2,2.476496338784588e+17,1.2855181311240833e+20,198998154409.22644,57075048505008.85,1.852981979283035e+16,6.900294762736087e+18,3.002886643242352e+21,1.5741068933649562e+24
O2,-13.9,22,5000,0.999998106756737,18.186464928478532,437.46643776233526,12949.128162005836,449919.2880475082,17773191.55048132,781108071.5513408,9394.701600878077,182211.47394663456,93577029.87148958,4596288.457331182,1926801699.9205792,988768167287.8124,140589373.4968713,50627992282.85985,21446320707132.11,1.104884324302311e+16,4994015975.364282,1590925476875.0334,582624837289268.1,2.500804377231244e+17,1.298131199356717e+20,200285338541.0415,57534856863847.555,1.8705870100800284e+16,6.974369503623329e+18,3.037728137598037e+21,1.5923620445635065e+24
O2,-13.9,260,0,0.9999999999828584,0.23014416053486259,1.1026739890465937,9.597931433869082,126.45736139737538,2237.1001828793947,49529.61310110277,118.88702103466798,47.64918105146078,25000.854967307816,246.72852475619413,14926.528367767252,7892430.14353069,2279.0975211064056,81987.91685078593,6378097.091361718,3433049071.5702662,31315.438823346765,788830.7362185556,36610109.94620215,3481716962.24207,1936797914022.2458,571839.7384875889,11134754.932308326,362498371.78402346,20652583114.21873,2320810345049.647,1351080492973053.2
O2,-13.9,260,0.1,0.9999999999339442,0.23117013812606677,1.10801367844172,9.647603450226606,127.14736702945581,2249.86767394211,49823.73465964373,119.41701665941874,47.99434458930594,25180.527539467425,248.6027213979734,15063.900731196449,7964478.608232725,2297.09449628401,82772.0652809215,6446548.69192867,3469488652.034667,31570.71493401534,796618.7013509807,37017244.214070596,3523543889.5984826,1959686338510.0994,576631.3739534715,11247627.993012806,366649072.6861013,20909400151.309402,2351304419321.207,1368436525447944.0
O2,-13.9,260,5,1.000000000094705,0.4775044930217694,2.4970759090640953,23.43268306373829,328.9788506645031,6157.980165448024,143591.4834506242,246.66750852458748,164.94920772545453,85834.1521660066,927.5527266163813,76000.59746794218,39744418.81240203,9190.151591842303,453593.25686007075,44403941.29068651,23496145278.12474,134026.2661820601,4683212.267097726,277893691.0681761,31661536867.02404,17125336411705.268,2580819.044504493,70219525.92773572,2960259449.721232,205694259032.46658,26737373853793.652,1.491915542120841e+16
O2,-13.9,260,10,1.0000000019505004,1.0468578106318551,6.499273574387981,70.48203887650432,1117.7123752085104,23293.433549933718,598630.2394537387,540.7819406701972,694.747625079218,359362.4114493701,4617.754534890933,556539.1139052262,288595502.1054599,52635.76802705978,3922204.9424207276,527057529.9531162,275441013279.01013,864424.0537548099,46542396.56830866,3899559208.8098207,578810007453.7495,306911525112904.6,18488835.786400594,785740701.3404769,47782219240.2231,4455907662486.562,724385756882957.6,3.9210423455277856e+17
O2,-13.9,260,25,0.9999997880792244,3.613190820503498,36.72675333742006,591.9711045600634,13010.559956250494,358304.66234723205,11747140.138395112,1866.488944855528,7558.706865741799,3891799.481864157,81757.76371617836,17568677.477736067,9048716056.986671,1377395.8938880572,200664610.98746914,45080102674.800224,23334722981048.11,31241027.521471784,3508122723.6677847,539147570609.76917,126668821053059.03,6.619343767076427e+16,880733305.4740775,81668204035.21124,9716776315724.668,1573719604540210.2,3.863824263952418e+17,2.0456242923822603e+20
O2,-13.9,260,50,0.9999997365056311,7.548187616958237,113.82454040702204,2461.62894978829,68066.89555145992,2257548.1364255063,86369254.04826532,3899.2152000126375,32178.18132487603,16545985.868892847,513838.6281067652,148608199.15586016,76390027122.13689,11568613.568132598,2494715590.107575,740369452494.7139,382212300365799.44,329041757.5253574,58087978813.6587,12961257187215.588,3954660269613312.0,2.058517130945209e+18,11138618639.751242,1691237317517.8533,310223923441539.8,7.164842717396807e+16,2.2489839289197912e+19,1.1837142429463147e+22
O2,-13.9,260,75,1.000000011080357,10.041855543419624,177.23537070975232,4280.126858511083,128523.58254649164,4546061.550361636,183170665.52851003,5187.385947496724,56505.78982366621,29043332.105237,1053348.4561510866,341639445.1742389,175510650271.25214,26426794.17769064,6678726722.85397,2211149696934.517,1140609475041245.5,814818702.9462849,172969590350.4476,44974104759002.36,1.5232758556771904e+16,7.920360208810703e+18,29369849893.739334,5450750430859.858,1195285754595286.2,3.1994694426801414e+17,1.109674872674723e+20,5.831034803646036e+22
O2,-13.9,260,100,0.999999635070288,11.582977251274574,220.8941255282395,5622.860632781008,175478.21772589363,6393483.363992204,263744495.88330543,5983.490855862273,74889.02280584413,38484474.975059606,1506170.404739391,518129761.86880845,266104690350.10425,39783877.12207962,10912535442.621557,3822608024065.052,1971178704537822.0,1273616748.7805986,297238647272.4395,83654089878889.88,2.990970220281232e+16,1.5544165414467959e+19,47246149991.026985,9716893591321.71,2336057155485724.0,6.750712428763597e+17,2.4662023862819163e+20,1.2949947766127586e+23
O2,-13.9,260,250,0.9999989350222794,14.679040416959284,317.1455894536939,8766.686420100745,290290.41621549986,11062594.262339558,472778150.0549485,7582.843571035056,119477.99882201174,61378011.63457627,2714728.3456884786,1033389420.6175215,530499993093.0995,77704761.90913118,24523825833.084816,9468315727130.137,4879893329269412.0,2634872546.3503475,722485117673.7446,232896817294674.7,9.14335820224523e+16,4.748505107485176e+19,102081977101.21219,24978085718261.59,7022090159121542.0,2.314185378237177e+18,9.250045100751036e+20,4.8522184030386964e+23
O2,-13.9,260,500,0.999999306612777,15.69537780188008,350.8970203330019,9915.844969599197,333507.0034782721,12859229.195919476,554608621.2318462,8107.859980718084,136327.5246145652,70027359.87293385,3202543.326508914,1255698169.5509753,644546462524.4877,93651727.3108724,30784445190.51943,12228545995016.188,6301649590767535.0,3223931188.1652226,926029161344.0312,310498513914293.1,1.2528314418633443e+17,6.505341588736906e+19,126320727288.56827,32487500433591.95,9554108820680910.0,3.2709350623132283e+18,1.342344875545291e+21,7.039705711956763e+23
O2,-13.9,260,1000,0.999999409037045,16.174786770962267,367.1478363063427,10476.347476423609,354779.22928498796,13749654.66418437,595382064.1893903,8355.512988405915,144652.79414945698,74300656.13084798,3448740.2220607237,1370550791.2952988,703462366050.7937,101806439.55384043,34088021949.670174,13717192433544.148,7068375220943700.0,3527919106.060407,1034848125066.6674,353231831818854.25,1.4431124825898784e+17,7.492841756238628e+19,138914386131.96463,36538665503387.89,1.0966539506382172e+16,3.81986911368224e+18,1.586521718596317e+21,8.319397505421107e+23
O2,-13.9,260,5000,0.9999984577822713,16.537844250496647,379.58959837839154,10908.425394803793,371256.9562413903,14441893.775865883,627170192.7268324,8543.06164697135,151118.2116142961,77619183.069844,3642123.0286017177,1461938966.397488,750339835779.5995,108256844.53589669,36746786661.90439,14929864914408.908,7692937990356139.0,3769547035.7089424,1123043539862.2302,388437802083834.44,1.6016839545025232e+17,8.3157446950433e+19,148960735706.68155,39837975165943.66,1.213829463609207e+16,4.282438057494089e+18,1.7945420378798634e+21,9.409530581439345e+23
O2,-13.9,1740,0,1.000000000000769,0.034760058000665,0.1543131393497018,1.2568789398111435,15.657138976372016,263.45505107115036,5568.916662022027,17.956222420575195,3.3945865653336194,1822.0202505366208,16.494223605757007,674.3386667567107,366566.4572095627,144.34756199011358,3456.274840977885,206224.15170460293,116175280.65548955,1894.5503270113609,31325.079562208688,1091529.9258151907,85433517.71047333,51261726634.30393,33216.82453865093,420076.9673660798,10089187.339714551,461395486.7827097,44632955145.01821,29033531053390.28
O2,-13.9,1740,0.1,1.0000000000002962,0.03491669542608879,0.15501843365710252,1.2626943668963597,15.730326964744913,264.69775450835397,5595.404796126796,18.03713762346271,3.412946084752997,1831.8047245216574,16.584147029151,678.2908631769169,368698.68555757456,145.13976342164054,3476.724433082568,207496.96459711788,116883642.82837892,1905.006133364301,31511.95930771844,1098350.54963321,85982786.65679811,51584960485.2144,33401.039370223516,422600.9199928518,10152888.886790926,464406787.14232206,44930324982.98272,29221793011896.777
O2,-13.9,1740,5,0.9999999999950604,0.07296575094813328,0.3289723667413987,2.715993911922794,34.2222553499731,581.7543277587258,12414.214952286331,37.692378267789906,8.686648451170473,4626.881199390793,42.68598185206653,1916.8040798393647,1032652.5900423097,377.1237157220949,9958.806047598868,630834.4964164281,350057078.94292736,4989.619328577731,91338.00295410887,3398694.8667653427,277595393.72657466,162445196080.02588,88103.00223891326,1237468.7014121502,31891331.368948877,1532405342.9308386,153090213876.38293,96039435771851.58
O2,-13.9,1740,10,1.0000000000221532,0.16440216292753368,0.7683192806564174,6.5448245600289425,84.67361222164786,1473.7600399568355,32143.216895242585,84.92626253458505,27.988192058618534,14750.159514557246,141.7188545843779,7677.237806123154,4082436.9061522996,1284.384661525347,41206.312329190165,2962970.352047005,1609356416.5123127,17364.522666847744,388691.3333629366,16583133.050974162,1486187991.2438464,839265421682.4779,312548.565089379,5394431.176445704,160719222.4180618,8574002681.956591,919775773528.0475,547600819635638.1
O2,-13.9,1740,25,1.000000000157296,0.6484768052254827,3.584569187617139,35.261765157672976,515.1401120972356,9988.260748678096,240500.25205577043,334.9877559928167,286.00866901448853,148428.08732538752,1696.9197545766892,161008.35896971126,83883859.0857604,17591.505932186596,1013675.6566154711,111606571.91836852,58726160268.98807,266602.5006650062,10947908.78322602,737366439.9984262,92493915042.21277,49578701081250.16,5312017.595466967,170589892.13105038,8221038316.980122,635160242164.1748,89438173157388.25,4.922140021879956e+16
O2,-13.9,1740,50,1.0000000527660284,1.73460897002992,12.729628012664413,158.42177198351413,2818.3418418488277,64902.3320214765,1822820.7624989934,896.0578891156119,1816.8104996294303,937479.4600309883,14239.23996243038,2200685.041672769,1137146596.6187718,185816.81990293876,18264004.14035574,3045857745.965855,1583775985069.636,3418476.2526047695,247846589.70658156,26525338982.885708,4755839282006.158,2502234923461575.5,80714594.85461429,4685374192.651315,371574392292.9183,43095864782916.24,8273448711411869.0,4.425554136219071e+18
O2,-13.9,1740,75,1.0000002191573518,2.806394125563933,25.243525344707386,369.8139528486938,7523.7698635493625,194244.63881383336,6026497.9125620285,1449.7166060680918,4613.708851968379,2376956.425330261,44219.08430642745,8524720.88406649,4394696401.179719,677858.1027873704,86370518.12287787,17565900880.326607,9104215572319.58,14242916.696882986,1375060332.4662526,186528540332.16434,39994753699904.48,2.0939818497483316e+16,376664596.15662116,29670059568.610374,3063165766251.757,441524818551850.25,9.965044581694224e+16,5.290917221842875e+19
O2,-13.9,1740,100,1.0000008541181038,3.7361052876990306,38.62152596471078,630.6671701059588,14006.4421660471,389081.9947181364,12850064.772486314,1929.983206988873,8070.497080196725,4155002.281102657,88760.82252617537,19342694.3874636,9961322935.800802,1514737.821883168,224605093.02883136,51115464326.90992,26454781894194.324,34712615.080759615,3977031214.3700905,621421612744.6754,147756515695853.3,7.719591837940506e+16,987008853.8905182,93537386007.00066,11342186325981.2,1865789613870258.0,4.6320275276951546e+17,2.4515057102004604e+20
O2,-13.9,1740,250,1.000000678132597,6.858880963503845,98.09544957819053,2042.1960747773883,54856.90607966756,1778187.0703555963,66772333.14441134,3543.1349503088136,26642.46678840403,13701509.015666222,403807.65083957114,112433446.83357365,57807252733.194305,8757112.81149407,1792754745.22967,513209846783.39435,265017847428480.5,242092073.9758227,40230552645.53966,8539504720740.064,2517826072906417.5,1.3111419610355082e+18,8013381729.754904,1139001265424.8962,197080294207298.22,4.338470655129793e+16,1.3181956016336968e+19,6.942355428145359e+21
O2,-13.9,1740,500,0.9999996899218428,8.600314906389437,139.3964503761191,3172.847456080094,91176.33603036958,3116773.8268509028,122190209.07543775,4442.719663854164,41622.47011075169,21398158.391318597,713588.7274040343,217399843.9163838,111720268826.06396,16893494.642301805,3914092209.5928173,1220602604922.1028,629898620471290.4,498968797.00874364,95755217751.33647,22894632723483.9,7323201317286444.0,3.8099369729500503e+18,17396869787.1386,2893139236286.8457,575323525250015.8,1.4202068887945702e+17,4.6632477721503646e+19,2.4525010435961182e+22
O2,-13.9,1740,1000,0.9999994813823015,9.649058577420739,166.62232157118947,3963.6970808320725,117705.65245342482,4127763.990455175,165177543.37108153,4984.476082183528,52228.24997306213,26846224.579159956,952944.5297198314,304099534.27075034,156237752938.50043,23557870.433661602,5820850116.664015,1897432664359.0063,978880596184043.2,718517371.8539213,148586728051.8002,37801413886220.305,1.2614368226710524e+16,6.559855287685387e+18,25682944274.759747,4632900740995.871,990479025880533.0,2.5960064328664662e+17,8.876363761150176e+19,4.665273791808232e+22
O2,-13.9,1740,5000,1.0000003992562643,10.576022715921082,192.01258782528117,4727.553001014476,143992.2720653629,5149354.021894543,209299362.9907033,5463.321341921726,62589.06691195866,32167742.038047835,1199552.4041643995,397401087.21682245,204136143172.6767,30669910.257249027,7983245405.0999155,2697300663906.4253,1391206443519122.8,958858148.3906944,210627200355.04367,56350087204459.01,1.9461184537499612e+16,1.0117117965879157e+19,34931877022.60045,6728082143832.035,1525159442396464.8,4.196597869521825e+17,1.4829512964334112e+20,7.79041379739724e+22
O3,-9.7,0,0,0.9999986588363806,18.35562033625279,443.52651087547326,13165.515735870425,458334.2815448073,18131914.181989368,797769520.2236943,9482.075130434798,185561.88916527302,95296386.54561485,4701298.222069673,1979287730.2963398,1015686114210.8983,144193512.78528023,52228468051.74863,22215608777882.273,1.1444994769091378e+16,5131713886.297157,1645558890078.6472,606024389566593.9,2.6115665533493274e+17,1.3556027667978232e+20,206094521839.48676,59619216179519.664,1.9507143522354556e+16,7.312677545532436e+18,3.1972437414240736e+21,1.6759384483650432e+24
O3,-9.7,0,0.1,0.9999986588363806,18.35562033625279,443.52651087547326,13165.515735870425,458334.2815448073,18131914.181989368,797769520.2236943,9482.075130434798,185561.88916527302,95296386.54561485,4701298.222069673,1979287730.2963398,1015686114210.8983,144193512.78528023,52228468051.74863,22215608777882.273,1.1444994769091378e+16,5131713886.297157,1645558890078.6472,606024389566593.9,2.6115665533493274e+17,1.3556027667978232e+20,206094521839.48676,59619216179519.664,1.9507143522354556e+16,7.312677545532436e+18,3.1972437414240736e+21,1.6759384483650432e+24
O3,-9.7,0,5,0.9999986588363806,18.35562033625279,443.52651087547326,13165.515735870425,458334.2815448073,18131914.181989368,797769520.2236943,9482.075130434798,185561.88916527302,95296386.54561485,4701298.222069673,1979287730.2963398,1015686114210.8983,144193512.78528023,52228468051.74863,22215608777882.273,1.1444994769091378e+16,5131713886.297157,1645558890078.6472,606024389566593.9,2.6115665533493274e+17,1.3556027667978232e+20,206094521839.48676,59619216179519.664,1.9507143522354556e+16,7.312677545532436e+18,3.1972437414240736e+21,1.6759384483650432e+24
O3,-9.7,0,10,0.9999986588363806,18.35562033625279,443.52651087547326,13165.515735870425,458334.2815448073,18131914.181989368,797769520.2236943,9482.075130434798,185561.88916527302,95296386.54561485,4701298.222069673,1979287730.2963398,1015686114210.8983,144193512.78528023,52228468051.74863,22215608777882.273,1.1444994769091378e+16,5131713886.297157,1645558890078.6472,606024389566593.9,2.6115665533493274e+17,1.3556027667978232e+20,206094521839.48676,59619216179519.664,1.9507143522354556e+16,7.312677545532436e+18,3.1972437414240736e+21,1.6759384483650432e+24
O3,-9.7,0,25,0.9999986588363806,18.35562033625279,443.52651087547326,13165.515735870425,458334.2815448073,18131914.181989368,797769520.2236943,9482.075130434798,185561.88916527302,95296386.54561485,4701298.222069673,1979287730.2963398,1015686114210.8983,144193512.78528023,52228468051.74863,22215608777882.273,1.1444994769091378e+16,5131713886.297157,1645558890078.6472,606024389566593.9,2.6115665533493274e+17,1.3556027667978232e+20,206094521839.48676,59619216179519.664,1.9507143522354556e+16,7.312677545532436e+18,3.1972437414240736e+21,1.6759384483650432e+24
O3,-9.7,0,50,0.9999986588363806,18.35562033625279,443.52651087547326,13165.515735870425,458334.2815448073,18131914.181989368,797769520.2236943,9482.075130434798,185561.88916527302,95296386.54561485,4701298.222069673,1979287730.2963398,1015686114210.8983,144193512.78528023,52228468051.74863,22215608777882.273,1.1444994769091378e+16,5131713886.297157,1645558890078.6472,606024389566593.9,2.6115665533493274e+17,1.3556027667978232e+20,206094521839.48676,59619216179519.664,1.9507143522354556e+16,7.312677545532436e+18,3.1972437414240736e+21,1.6759384483650432e+24
O3,-9.7,0,75,0.9999986588363806,18.35562033625279,443.52651087547326,13165.515735870425,458334.2815448073,18131914.181989368,797769520.2236943,9482.075130434798,185561.88916527302,95296386.54561485,4701298.222069673,1979287730.2963398,1015686114210.8983,144193512.78528023,52228468051.74863,22215608777882.273,1.1444994769091378e+16,5131713886.297157,1645558890078.6472,606024389566593.9,2.6115665533493274e+17,1.3556027667978232e+20,206094521839.48676,59619216179519.664,1.9507143522354556e+16,7.312677545532436e+18,3.1972437414240736e+21,1.6759384483650432e+24
O3,-9.7,0,100,0.9999986588363806,18.35562033625279,443.52651087547326,13165.515735870425,458334.2815448073,18131914.181989368,797769520.2236943,9482.075130434798,185561.88916527302,95296386.54561485,4701298.222069673,1979287730.2963398,1015686114210.8983,144193512.78528023,52228468051.74863,22215608777882.273,1.1444994769091378e+16,5131713886.297157,1645558890078.6472,606024389566593.9,2.6115665533493274e+17,1.3556027667978232e+20,206094521839.48676,59619216179519.664,1.9507143522354556e+16,7.312677545532436e+18,3.1972437414240736e+21,1.6759384483650432e+24
O3,-9.7,0,250,0.9999986588363806,18.35562033625279,443.52651087547326,13165.515735870425,458334.2815448073,18131914.181989368,797769520.2236943,9482.075130434798,185561.88916527302,95296386.54561485,4701298.222069673,1979287730.2963398,1015686114210.8983,144193512.78528023,52228468051.74863,22215608777882.273,1.1444994769091378e+16,5131713886.297157,1645558890078.6472,606024389566593.9,2.6115665533493274e+17,1.3556027667978232e+20,206094521839.48676,59619216179519.664,1.9507143522354556e+16,7.312677545532436e+18,3.1972437414240736e+21,1.6759384483650432e+24
O3,-9.7,0,500,0.9999986588363806,18.35562033625279,443.52651087547326,13165.515735870425,458334.2815448073,18131914.181989368,797769520.2236943,9482.075130434798,185561.88916527302,95296386.54561485,4701298.222069673,1979287730.2963398,1015686114210.8983,144193512.78528023,52228468051.74863,22215608777882.273,1.1444994769091378e+16,5131713886.297157,1645558890078.6472,606024389566593.9,2.6115665533493274e+17,1.3556027667978232e+20,206094521839.48676,59619216179519.664,1.9507143522354556e+16,7.312677545532436e+18,3.1972437414240736e+21,1.6759384483650432e+24
O3,-9.7,0,1000,0.9999986588363806,18.35562033625279,443.52651087547326,13165.515735870425,458334.2815448073,18131914.181989368,797769520.2236943,9482.075130434798,185561.88916527302,95296386.54561485,4701298.222069673,1979287730.2963398,1015686114210.8983,144193512.78528023,52228468051.74863,22215608777882.273,1.1444994769091378e+16,5131713886.297157,1645558890078.6472,606024389566593.9,2.6115665533493274e+17,1.3556027667978232e+20,206094521839.48676,59619216179519.664,1.9507143522354556e+16,7.312677545532436e+18,3.1972437414240736e+21,1.6759384483650432e+24
O3,-9.7,0,5000,0.9999986588363806,18.35562033625279,443.52651087547326,13165.515735870425,458334.2815448073,18131914.181989368,797769520.2236943,9482.075130434798,185561.88916527302,95296386.54561485,4701298.222069673,1979287730.2963398,1015686114210.8983,144193512.78528023,52228468051.74863,22215608777882.273,1.1444994769091378e+16,5131713886.297157,1645558890078.6472,606024389566593.9,2.6115665533493274e+17,1.3556027667978232e+20,206094521839.48676,59619216179519.664,1.9507143522354556e+16,7.312677545532436e+18,3.1972437414240736e+21,1.6759384483650432e+24
O3,-9.7,22,0,0.9999997604192722,16.68798462493802,373.50073046472255,10387.741404598331,341663.30805292696,12853157.052844783,540584262.3335842,8620.617172269878,153499.75073785483,78834238.22123909,3603632.3906602617,1491045463.2204397,765193299532.411,103588197.43257168,36472604100.66986,15253633698308.994,7859040781821978.0,3483956689.6616697,1077327783879.4421,385888459644954.2,1.6357246252880928e+17,8.491699268968356e+19,133083401814.75386,36895932851341.11,1.1648646483465548e+16,4.249374053930034e+18,1.828231139415683e+21,9.584924784956526e+23
O3,-9.7,22,0.1,0.9999996374283601,16.69479995747542,373.7749652830781,10398.235374560298,342090.46930442797,12871953.788612785,541477460.5350673,8624.136736885632,153624.59902180266,78898341.34390771,3607731.9189223945,1492856579.0280242,766122527139.7949,103734504.73460774,36528673231.20201,15278227778357.031,7871709244989615.0,3489709970.23366,1079278654877.8162,386634494019406.9,1.6390066532725542e+17,8.508733107137503e+19,133331290800.01225,36971524584962.73,1.1674338560851206e+16,4.2592567879218924e+18,1.8326136316539044e+21,9.607893771584878e+23
O3,-9.7,22,5,1.0000001623320205,17.523174726723703,407.8351577815911,11725.424360041887,396969.0568972943,15320523.975128299,659281704.3641365,9052.059078828357,169177.4181389269,86883919.84664384,4129267.1724520773,1724062207.1324973,884744093884.0602,122684401.32306437,43836563357.533485,18495626609458.312,9528947423303258.0,4246628342.8883233,1338120614547.6553,486264296104943.56,2.078982801692367e+17,1.0792138257699185e+20,166399064510.08926,47158554714264.21,1.516679595225057e+16,5.611587866759067e+18,2.4346280707789653e+21,1.2762941097359524e+24
O3,-9.7,22,10,0.9999984512749807,17.978440822744453,427.17352652180466,12499.575514688111,429731.49590562173,16812390.49919004,732369580.5942155,9287.238142334632,178044.53840374615,91436689.97531919,4436036.43854247,1860739079.8100708,954865838860.7499,134129281.0616839,48290137569.659294,20466777551011.656,1.0544234447682578e+16,4714352585.593682,1500008458630.4976,549154189565379.4,2.358213933922775e+17,1.2241248970195866e+20,187248343018.54492,53675048227849.73,1.7428341367400184e+16,6.495471001913273e+18,2.830238850534949e+21,1.4836151195292623e+24
O3,-9.7,22,25,1.0000014760073577,18.261130687385947,439.40056155019226,12996.51624351691,451039.3372825725,17793905.665025193,780951497.6422827,9433.268535669271,183663.6260621626,94321753.29003352,4633865.573120453,1949120354.3487463,1000209094964.5732,141620567.2815343,51219753888.11279,21767199278521.074,1.121403631504499e+16,5024490978.134497,1608072732792.6025,591349744871724.4,2.5461198904803667e+17,1.321639335496865e+20,201231902371.58386,58080927605375.78,1.8967812841713156e+16,7.100253580796701e+18,3.1017392980679244e+21,1.6258913426515675e+24
O3,-9.7,22,50,0.9999988526839614,18.322336606875588,442.07128704669367,13105.839636050736,455755.65958054777,18012324.30147911,791814247.5907041,9464.885955856587,184892.31652385145,94952613.53145228,4677479.7015855005,1968629935.0898056,1010218293154.0051,143283608.6963293,51871607959.73729,22056935910166.984,1.1363268682607956e+16,5093755496.901346,1632281356201.9888,600824557346515.4,2.588370631851021e+17,1.3435653016769752e+20,204371488292.25882,59073789547628.58,1.9315811212582864e+16,7.23728723987869e+18,3.163340645887425e+21,1.6581722756088355e+24
O3,-9.7,22,75,0.9999997839574015,18.336378303412122,442.6845653846457,13130.974173228597,456841.2516631105,18062653.12705608,794319722.4850763,9472.138523844906,185174.47687586403,95097482.73567744,4687510.314943127,1973117816.612235,1012520740617.5355,143666607.6658563,52021796025.32047,22123709079867.438,1.1397660926461742e+16,5109726723.021224,1637866890884.276,603011678450800.5,2.598126325060473e+17,1.3486279977705333e+20,205096221556.49887,59303152451987.82,1.9396254996164964e+16,7.268979795588906e+18,3.177591638669968e+21,1.6656402026675244e+24
O3,-9.7,22,100,0.9999994966032802,18.342027113443972,442.9316340074851,13141.107390179788,457279.1438358122,18082962.446067296,795331111.0087525,9475.057408509683,185288.19476535663,95155871.65939228,4691555.782434503,1974928093.6543884,1013449489239.8496,143821155.39471892,52082411827.61726,22150661489895.086,1.141154307267775e+16,5116174109.731238,1640122232364.832,603894944244321.6,2.6020665054163866e+17,1.3506727401080966e+20,205388890343.0913,59395800565465.695,1.9428755921108604e+16,7.281786162995191e+18,3.1833506810327744e+21,1.6686580874541373e+24
O3,-9.7,22,250,0.9999995624421796,18.34980526751323,443.27178273189895,13155.059580811345,457882.15361331747,18110934.01671274,796724273.6545373,9479.076310728387,185444.73854734554,95236255.19108996,4697125.615139455,1977420657.8877525,1014728330770.7896,144033978.27028143,52165891607.46361,22187782647682.426,1.1430663208598526e+16,5125054262.531192,1643228938697.1953,605111750305949.2,2.6074949177255155e+17,1.3534898398512495e+20,205792061239.21118,59523447485819.02,1.9473539954516964e+16,7.299434133717642e+18,3.1912874689587346e+21,1.6728172169831172e+24
O3,-9.7,22,500,0.9999985218186798,18.351670400956316,443.3537461739666,13158.427616726685,458027.8659468136,18117697.659796674,797061312.3609282,9480.040157305824,185482.49178087013,95255636.20644958,4698471.243538781,1978022912.2550154,1015037286379.2512,144085442.9537611,52186082595.61373,22196761662675.16,1.1435287816942012e+16,5127202972.767521,1643980829734.7815,605406284003462.5,2.6088089881405795e+17,1.3541717729003617e+20,205889659097.07666,59554355000876.26,1.9484385443149692e+16,7.303708540692605e+18,3.193209943442327e+21,1.673824666560196e+24
O3,-9.7,22,1000,1.0000009761077588,18.352522819368833,443.39015464190237,13159.909028322134,458091.6325166052,18120648.37146248,797208039.2639881,9480.478365627076,185499.15863142506,95264181.2761366,4699060.192613566,1978285940.6111133,1015172132813.6693,144107873.05945745,52194864932.446884,22200662803017.03,1.1437296244700194e+16,5128137099.083892,1644307118105.3296,605533953000224.4,2.6093781782593024e+17,1.354467058702533e+20,205932017275.8274,59567747358725.73,1.9489079762086164e+16,7.305557251805656e+18,3.1940409985657314e+21,1.674260049769468e+24
O3,-9.7,22,5000,0.9999992570897904,18.353071170897337,443.414762176452,13160.92736612002,458135.8482530055,18122705.3072903,797310692.5862501,9480.765853634113,185510.59519829758,95270073.95516543,4699469.672782512,1978469771.395139,1015266581994.0731,144123569.47456884,52201038832.42144,22203412297250.68,1.143871350412183e+16,5128793356.600167,1644537269490.9268,605624225530478.0,2.609781256243902e+17,1.3546763395534465e+20,205961854119.09882,59577214839690.19,1.949240584094328e+16,7.30686912302755e+18,3.194631337620226e+21,1.6745695219533989e+24
O3,-9.7,260,0,1.0000001336726412,8.416126164977095,113.59387970646765,2086.8479626495264,48242.453040387285,1335550.9197951609,42835969.05774668,4347.570394842573,39373.73618732412,20231081.330194656,559302.9150637864,196308234.59648255,100816351834.89902,10647674.112425506,2915524384.496384,1039914215299.2515,536296065286203.0,252234937.3969955,57181229883.152504,16029176617869.035,5823835044112919.0,3.0273256817515095e+18,7102863904.165933,1382172105331.0403,322096012374234.3,9.251005577483547e+16,3.42753717989821e+19,1.8003091291614304e+22
O3,-9.7,260,0.1,0.9999990622171685,8.436650213447649,114.05777939865709,2098.09093384922,48554.55428029712,1345425.692907749,43187221.47189616,4358.174790649807,39564.44357681362,20329030.474825725,562926.5293513272,197723584.0545081,101542887053.3909,10730457.279770678,2941282807.768737,1049834190011.2239,541409497353689.94,254467413.97694027,57760105306.523224,16207964616131.953,5892749925101575.0,3.0631295758688517e+18,7172263743.78564,1397644379984.7283,326101425112566.7,9.375315147781936e+16,3.475842537556496e+19,1.825664918940687e+22
O3,-9.7,260,5,0.9999968710365541,11.755505593643077,200.94080527688362,4464.63132301287,121069.91866471418,3845641.1803065343,139154313.8844486,6072.619121792319,76448.9688431523,39270608.19540894,1372873.7407264025,527103139.4059188,270589433902.89517,31566265.164220653,9878914954.661142,3842242529851.216,1980423749394494.8,876211575.7229116,233695294024.28476,74600291254271.72,2.946765632880865e+16,1.5306393217646406e+19,28285043431.347267,6612147828792.227,1805724664683317.8,5.885306952663567e+17,2.3640801614372785e+20,1.240410120228634e+23
O3,-9.7,260,10,1.0000001710583768,14.708788371224632,298.0424089763522,7623.4307167691595,233209.06158184103,8230265.68227116,326966682.73271745,7598.211724481845,119389.64582987742,61320053.9254222,2538908.319263621,1024686999.6259012,525914447683.3047,67149390.46298313,22717357154.42525,9273765377476.025,4778696955700333.0,2101252428.775416,617659215245.8136,212757705101064.1,8.808500462734309e+16,4.573667714920715e+19,75321399342.16884,19688227647531.324,5914192741179960.0,2.076405947000641e+18,8.730615825821646e+20,4.5783984663191665e+23
O3,-9.7,260,25,0.9999991424412906,17.29730140719242,398.4041351549185,11353.24682139185,381411.83456011396,14619783.428830732,625283809.0345764,8935.377174972262,164862.44161318062,84668413.6477606,3982435.0228322637,1658815018.374788,851268927325.9781,117283039.2390635,41744727201.80548,17572372509465.91,9053398162027038.0,4028575772.5124784,1263131889218.134,457275868387645.3,1.950643624923409e+17,1.0126090874866729e+20,156783804700.37683,44176431043199.06,1.4138602916700754e+16,5.211734895423526e+18,2.2561788510454491e+21,1.1827746028686348e+24
O3,-9.7,260,50,0.9999995233784493,17.969813282607994,426.8026187708922,12484.585252313665,429091.949050714,16783061.918365385,730923725.1366231,9282.784285777776,177874.27033567405,91349280.22380067,4430080.514237176,1858081185.2540572,953502300093.5728,133905024.27524969,48202610132.237366,20427969832104.52,1.0524246410852334e+16,4705114839.423907,1496798184293.258,547903203330046.6,2.352649562022849e+17,1.2212372756710975e+20,186833687088.49008,53544816756745.49,1.7382958737179156e+16,6.477678682910351e+18,2.822260941923997e+21,1.4794344069190665e+24
O3,-9.7,260,75,1.0000025245849886,18.13059887588874,433.7328899780802,12765.440686276983,441104.5343791478,17335190.903390855,758198805.2626365,9365.837176224093,181057.69894105216,92983754.98475654,4541787.830974203,1907960870.4663348,979092517159.7799,138123156.05958602,49850635355.948166,21159104099357.605,1.0900827767640588e+16,4879315133.363911,1557419146013.924,571550720308452.1,2.4578975474549405e+17,1.2758561616401236e+20,194670931209.8629,56010356917976.73,1.824333626835183e+16,6.815346684837413e+18,2.9737612675666265e+21,1.558826475920836e+24
O3,-9.7,260,100,1.0000000717446418,18.196102203536533,436.5732116049733,12881.098691388319,446071.5947416401,17564305.67533951,769553008.3568215,9399.675264952008,182363.41560513226,93654169.82836229,4587856.973265716,1928549529.9967787,989655414653.567,139870790.693429,50534488572.44249,21462763788095.867,1.105723269528787e+16,4951777589.102151,1582687714796.159,581423159202505.9,2.501876916697064e+17,1.2986794194570687e+20,197942494078.39322,57042110904236.45,1.860412752870495e+16,6.957167942425147e+18,3.037449900175949e+21,1.592201628114678e+24
O3,-9.7,260,250,0.9999973144414045,18.28691249592713,440.5256770402171,13042.553725515318,453024.5355539876,17885801.42000816,785519875.0260289,9446.586166707726,184181.23056523904,94587514.04485032,4652229.278519403,1957334201.9297726,1004423157123.5046,142320402.64673337,51494014483.24215,21889089881594.062,1.1276817920449316e+16,5053623355.407278,1618252042750.2874,595332915407788.6,2.5638797950594442e+17,1.3308558638132077e+20,202551760936.60248,58498178333126.99,1.9114017244359316e+16,7.157812823983728e+18,3.1276108915228494e+21,1.6394488971511147e+24
O3,-9.7,260,500,0.9999998860637048,18.309107718903064,441.4932037351702,13082.150960550385,454732.7912597601,17964917.29887655,789454909.9053878,9458.05105031119,184626.29129007627,94816022.64987172,4668025.4813740635,1964400012.4780214,1008048174761.0896,142922754.04431304,51730117750.07889,21994034297053.89,1.133087058727156e+16,5078713311.33276,1627021624431.6719,598765313601026.2,2.5791861754981968e+17,1.3387990637853848e+20,203689152168.60043,58857893241829.28,1.924010633497969e+16,7.207466612207152e+18,3.149932719399415e+21,1.6511461563166641e+24
O3,-9.7,260,1000,0.9999992888758837,18.31859371009486,441.9076366026802,13099.13160631287,455465.9486972526,17998894.784231864,791145796.1315625,9462.95626110291,184817.08520188558,94913998.11008988,4674804.398317013,1967433122.2760139,1009604345997.467,143181456.9270125,51831556499.98673,22039130543385.773,1.1354098314796746e+16,5089496125.01978,1630792012382.689,600241439108938.6,2.5857698028279568e+17,1.3422156501498598e+20,204178234116.87656,59012641153266.26,1.929436780365094e+16,7.228840031790358e+18,3.159542500109074e+21,1.656181978637411e+24
O3,-9.7,260,5000,1.0000005217161345,18.32544980274853,442.2066965107459,13111.380603709129,455994.7699840039,18023403.04024072,792365527.0964326,9466.492068895612,184954.5481683324,94984559.03003962,4679688.988281782,1969618079.714847,1010725215749.1647,143367901.80452538,51904650867.36213,22071624110909.55,1.1370833786419018e+16,5097268741.489353,1633509598081.6248,601305395651976.9,2.5905151675934416e+17,1.3446781901978719e+20,204530848493.02615,59124206349455.37,1.933348962452035e+16,7.244250920786062e+18,3.1664716840784993e+21,1.6598130266441016e+24
O3,-9.7,1740,0,0.9999998987982114,2.061580297317271,13.643857513312767,146.873209678135,2224.8813795408373,43436.6596635443,1034758.7462274063,1064.9635336398862,2484.5606378947123,1280109.4309193026,17466.314408177503,3358759.0646917857,1732004987.2160785,196342.57897394174,24902172.8404638,5055645029.05975,2621642050574.789,3064275.704370391,290292954.8917714,39219283919.66327,8397798713331.602,4399832665948679.0,61096580.56833143,4643475195.495926,471100884106.42816,67651911430728.08,1.5249929702468934e+16,8.103273158938346e+18
O3,-9.7,1740,0.1,0.9999998973475416,2.0698384263539724,13.717078460760336,147.80424694529432,2240.596280462942,43768.4036038705,1043153.4406432286,1069.2294673610463,2503.856713960902,1290033.6311819954,17625.33291985921,3396668.8403561013,1751518385.059365,198316.85854889618,25216098.295632564,5129442454.436225,2659836665238.893,3097264.306399287,294224140.13050616,39842953453.84348,8546628669662.739,4477626348287928.0,61788773.08478517,4709614053.981311,479028270912.86646,68938390890755.305,1.5565368312022766e+16,8.270382066684878e+18
O3,-9.7,1740,5,1.0000006251214488,3.858362241152383,33.058541058029164,429.1491547636124,7498.9489542890005,164255.4893008548,4308247.770984015,1993.138400007122,8439.487715272378,4341082.981952286,76476.60768570058,20081265.184807003,10329833181.783579,1032852.9000375269,191178424.91374388,51759204903.99827,26750947704953.45,18547771.456210434,2669540310.257879,513831557938.64905,143625385083586.5,7.488733829461838e+16,414144488.3573019,49040212401.78255,7375400641085.105,1476153031858909.8,4.2606702450921094e+17,2.2478527217970043e+20
O3,-9.7,1740,10,1.0000008211136406,6.902508618282441,81.88378974458323,1359.6296172586422,28922.215322273434,746091.1343304871,22507126.352742366,3565.671415174479,26582.580768988697,13661502.138657305,332267.75067186,109528233.95836,56266951358.53467,5722388.775590765,1433049984.3256562,481290585886.73956,248309234653897.1,124825205.4600827,25447988784.073807,6543118479741.146,2243843386698200.2,1.1670529505724895e+18,3277134874.836638,566780300101.0924,119143418297483.42,3.1473160050520736e+16,1.1031193503423996e+19,5.798877551833868e+21
O3,-9.7,1740,25,0.9999990357648342,13.023107252475755,240.34126980667827,5687.6651104984385,162752.56834913275,5417425.246429966,204319793.60664243,6727.4294337935435,93712.59474709119,48135431.277922176,1816062.7106938253,714028831.6214164,366510837790.0312,44457596.57652453,14433890931.14395,5744557745873.634,2960546857699070.0,1301781095.3525367,363397548470.0106,120237987952372.53,4.856731930591274e+16,2.522270819128664e+19,44025640305.511604,10842975323381.979,3096327909794942.0,1.0451275801430921e+18,4.290209199729365e+20,2.2504431299840277e+23
O3,-9.7,1740,50,0.9999987411399547,16.049504669013675,348.2501376194785,9435.072606117525,303350.4468438757,11184940.076963205,462050359.678315,8290.795623232441,142028.63611831478,72944356.00953592,3233117.680919833,1327805531.0941052,681440174781.1609,90546318.69427235,31498995134.184467,13078351382345.162,6738546295162730.0,2977164853.204482,906595045652.0405,320924981358564.7,1.3507735592725522e+17,7.012779228108012e+19,111473582790.71378,30357108126532.46,9440814886808318.0,3.4043686723551534e+18,1.4546174704922395e+21,7.626746856196955e+23
O3,-9.7,1740,75,0.9999996332456066,16.94754649509853,384.01309039940253,10792.216256967125,358205.6383455717,13584119.554595212,575447929.3745984,8754.700384155081,158290.5078830757,81294054.92502408,3761938.845536115,1561056767.932417,801113371775.5222,109268480.47913122,38653597598.15288,16211367356782.566,8352362742448958.0,3708372567.20353,1153619153512.3362,415120222932098.9,1.764471089941842e+17,9.159885326640308e+19,142792777078.09073,39865820280784.66,1.2660672957094766e+16,4.639432981691283e+18,2.0014025804283435e+21,1.0492510085347277e+24
O3,-9.7,1740,100,0.9999988119308372,17.33824281317915,400.10573963174755,11420.137101230035,384198.48433606635,14744929.588265968,631339447.9776874,8956.526663950817,165640.51779706404,85067918.60893682,4008792.7961164834,1670519119.5511527,857273807841.9071,118248914.58289658,42118300740.785965,17737126594534.24,9138260558674136.0,4067437775.1039124,1276473006836.0703,462426167167962.25,1.973427300277508e+17,1.024433361657853e+20,158492402337.39,44705216422010.805,1.4320591906296224e+16,5.282411233915338e+18,2.2876955962466162e+21,1.1992917265328645e+24
O3,-9.7,1740,250,0.9999994142697922,17.90557017567588,424.0484796753344,12373.481325184908,424358.74485193274,16566274.73278255,720248048.2367488,9249.593608274117,176609.88691697904,90700073.27629454,4385948.561230757,1838391071.1123965,943400274931.8395,132246134.71696268,47555445708.131454,20141110340570.145,1.037649304980574e+16,4636876790.131885,1473099557076.6973,538672961508998.0,2.3116055224177818e+17,1.1999370270952422e+20,183774398335.9171,52584734119076.92,1.7048619634331596e+16,6.346668507524235e+18,2.763534591968064e+21,1.4486590918632022e+24
O3,-9.7,1740,500,0.9999998649606217,18.04864466940913,430.19402018782057,12621.798968852501,434952.33788001316,17052077.18581,744197870.8901651,9323.499870763193,179431.66396206903,92148883.99035765,4484626.615401017,1882429718.216765,965994012163.313,135961353.13884348,49005574341.87601,20784084547025.312,1.070766864114973e+16,4789915599.553778,1526286513476.059,559399734716520.0,2.4038003311278262e+17,1.2477822469823426e+20,190644018993.12082,54742443265300.625,1.7800567972565102e+16,6.641481705278258e+18,2.895729461423622e+21,1.5179349141040773e+24
O3,-9.7,1740,1000,1.0000009340579665,18.110609679792553,432.8687571777238,12730.325934484548,439599.0176426353,17265845.566363256,754766586.805579,9355.512419783465,180660.61896541313,92779889.05875431,4527809.979848354,1901716528.2047591,975888990906.6469,137593890.09744048,49643665568.96113,21067235442848.31,1.0853510059076774e+16,4857404743.129932,1549785075676.612,568569963670326.2,2.4446238600688413e+17,1.2689677896475522e+20,193683075866.1408,55699122742513.984,1.813459098884321e+16,6.772627150088987e+18,2.9545838276054404e+21,1.5487768395402149e+24
O3,-9.7,1740,5000,1.000000920599114,18.155396409794008,434.80732123688045,12809.158570387828,442980.76952804904,17421682.82652292,762482710.0340477,9378.634939121957,181551.35025442395,93237191.74930198,4559192.231311726,1915737507.1117067,983082214272.265,138782920.71973464,50108723980.474815,21273688541991.68,1.0959846412886308e+16,4906653217.277562,1566948524863.734,575272838650394.6,2.4744761868784003e+17,1.2844597485307663e+20,195904472442.02594,56399198013029.08,1.8379259529619756e+16,6.868761565043565e+18,2.997744983870558e+21,1.5713948911297223e+24
