date,username,operator,binding_energy,rbs,repressors,IPTG_uM,area,eccentricity,solidity,mean_intensity
20161205,mrazomej,O3,-9.7,auto,0,0,4.0704,0.9513533541226715,0.8983050847457628,63.37221751482786
20161205,mrazomej,O3,-9.7,auto,0,0,4.2752,0.9534028587062592,0.9027027027027027,59.29804014702904
20161205,mrazomej,O3,-9.7,auto,0,0,3.8144,0.9531652141818276,0.9490445859872612,56.74959310922534
20161205,mrazomej,O3,-9.7,auto,0,0,5.2736,0.8653520871409008,0.8306451612903226,60.92515617956428
20161205,mrazomej,O3,-9.7,auto,0,0,3.6096000000000004,0.9404688709689449,0.9096774193548387,65.41812336900637
20161205,mrazomej,O3,-9.7,auto,0,0,4.6848,0.9647901672750895,0.8883495145631068,56.101540173187516
20161205,mrazomej,O3,-9.7,auto,0,0,3.9168000000000003,0.9551396348123463,0.9272727272727272,54.51241719952127
20161205,mrazomej,O3,-9.7,auto,0,0,4.0448,0.9505043543311521,0.9518072289156626,47.30756947415668
20161205,mrazomej,O3,-9.7,auto,0,0,4.889600000000001,0.959901242099334,0.8842592592592593,50.20782088608651
20161205,mrazomej,O3,-9.7,auto,0,0,4.0192000000000005,0.9464529365029254,0.9075144508670521,56.230836891194464
20161205,mrazomej,O3,-9.7,auto,0,0,3.4048000000000003,0.9168199788718108,0.9366197183098591,57.203777990271846
20161205,mrazomej,O3,-9.7,auto,0,0,3.1488,0.9260119053082888,0.9534883720930233,52.369446777538364
20161205,mrazomej,O3,-9.7,auto,0,0,4.4288,0.945589244380323,0.8238095238095238,50.19112753997438
20161205,mrazomej,O3,-9.7,auto,0,0,2.5088,0.8933332815432566,0.98989898989899,43.93683723439795
20161205,mrazomej,O3,-9.7,auto,0,0,4.300800000000001,0.9481581150592265,0.8888888888888888,65.06447102029813
20161205,mrazomej,O3,-9.7,auto,0,0,4.2496,0.9533581958587488,0.8972972972972973,44.09525059541878
20161205,mrazomej,O3,-9.7,delta,0,0,2.9952,0.9173231175566946,0.9435483870967742,3936.650622620733
20161205,mrazomej,O3,-9.7,delta,0,0,4.1472,0.9591822246201522,0.9257142857142857,4061.916870887919
20161205,mrazomej,O3,-9.7,delta,0,0,2.4064,0.7863059548462056,0.9791666666666666,8227.329329872891
20161205,mrazomej,O3,-9.7,delta,0,0,6.7328,0.9725180619094119,0.7225274725274725,2839.6475675646557
20161205,mrazomej,O3,-9.7,delta,0,0,3.7376,0.5205553499851789,0.9733333333333334,4857.845931657935
20161205,mrazomej,O3,-9.7,delta,0,0,4.5312,0.7984150838002334,0.921875,3641.725381661579
20161205,mrazomej,O3,-9.7,delta,0,0,2.5856000000000003,0.8705787813182797,0.9711538461538461,3281.860219069141
20161205,mrazomej,O3,-9.7,delta,0,0,4.5312,0.9612075610939914,0.8634146341463415,4913.6600153697245
20161205,mrazomej,O3,-9.7,delta,0,0,3.3280000000000003,0.930658748364995,0.9090909090909091,4080.39404716598
20161205,mrazomej,O3,-9.7,delta,0,0,3.6608,0.9483596667676452,0.8773006134969326,4444.115394929024
20161205,mrazomej,O3,-9.7,delta,0,0,3.9936000000000003,0.9635177791328405,0.8524590163934426,2940.8961901187313
20161205,mrazomej,O3,-9.7,delta,0,0,2.4832,0.8483911700902783,0.9797979797979798,3530.869344388065
20161205,mrazomej,O3,-9.7,delta,0,0,2.4576000000000002,0.8566393529555407,0.9795918367346939,3541.5468299830172
20161205,mrazomej,O3,-9.7,delta,0,0,2.5856000000000003,0.8875715500591651,0.9528301886792453,3912.4642864926336
20161205,mrazomej,O3,-9.7,delta,0,0,3.7632000000000003,0.9173845929116136,0.9545454545454546,9922.90340604809
20161205,mrazomej,O3,-9.7,delta,0,0,3.0976000000000004,0.9000541876213116,0.9453125,2878.254525553732
20161205,mrazomej,O3,-9.7,delta,0,0,2.8672,0.9051298555868835,0.9739130434782609,4226.552116829586
20161205,mrazomej,O3,-9.7,delta,0,0,3.0976000000000004,0.9062400137744091,0.9307692307692308,3434.527982040074
20161205,mrazomej,O3,-9.7,delta,0,0,2.7648,0.9068288039991071,0.9310344827586207,3849.069396419862
20161205,mrazomej,O3,-9.7,delta,0,0,3.5072,0.9217700275604536,0.9513888888888888,1818.4348875881337
20161205,mrazomej,O3,-9.7,delta,0,0,3.2512000000000003,0.9184577732900674,0.927007299270073,1525.8644085843678
20161205,mrazomej,O3,-9.7,delta,0,0,2.2016,0.8229478990406123,0.9662921348314607,2844.6935541387134
20161205,mrazomej,O3,-9.7,delta,0,0,2.4064,0.8083683321354691,0.9690721649484536,3305.0180460093543
20161205,mrazomej,O3,-9.7,delta,0,0,3.2768,0.9433506149091898,0.9411764705882353,2666.168615287579
20161205,mrazomej,O3,-9.7,delta,0,0,7.4752,0.9862732871995237,0.7891891891891892,4314.715266604878
20161205,mrazomej,O3,-9.7,delta,0,0,3.3792,0.944817413646878,0.9041095890410958,4396.592628108775
20161205,mrazomej,O3,-9.7,delta,0,0,2.944,0.891781873233895,0.9504132231404959,3814.4203433034622
20161205,mrazomej,O3,-9.7,delta,0,0,3.2512000000000003,0.9226639167725127,0.9407407407407408,3436.2375130234373
20161205,mrazomej,O3,-9.7,delta,0,0,7.3472,0.7518316089526366,0.896875,6238.747657410772
20161205,mrazomej,O3,-9.7,delta,0,0,3.968,0.9468070146950203,0.9567901234567902,2502.359343747163
20161205,mrazomej,O3,-9.7,delta,0,0,2.56,0.8884001063304096,0.9803921568627451,2709.1713373973653
20161205,mrazomej,O3,-9.7,delta,0,0,3.8912,0.944915618476347,0.8941176470588236,2822.274020699699
20161205,mrazomej,O3,-9.7,delta,0,0,4.3776,0.9595286265130462,0.7990654205607477,4701.465989060531
20161205,mrazomej,O3,-9.7,delta,0,0,3.6608,0.9524699970680771,0.8773006134969326,4084.1600790360203
20161205,mrazomej,O3,-9.7,delta,0,0,2.4832,0.8917987377038357,0.9603960396039604,3763.334591582838
20161205,mrazomej,O3,-9.7,delta,0,0,3.3280000000000003,0.9326339687416435,0.9090909090909091,3033.307183898528
20161205,mrazomej,O3,-9.7,delta,0,0,3.0976000000000004,0.9240090652272251,0.937984496124031,2275.2532844196735
20161205,mrazomej,O3,-9.7,delta,0,0,7.424,0.9101084000817167,0.6444444444444445,3414.3505157212107
20161205,mrazomej,O3,-9.7,delta,0,0,3.0976000000000004,0.9205834497779798,0.9453125,5417.011607682716
20161205,mrazomej,O3,-9.7,delta,0,0,10.342400000000001,0.9686017677892558,0.8015873015873016,5712.750107541233
20161205,mrazomej,O3,-9.7,delta,0,0,7.500800000000001,0.8808759911475419,0.8323863636363636,6414.471283586475
20161205,mrazomej,O3,-9.7,delta,0,0,2.5088,0.8638096570354057,0.9607843137254902,2840.1847173850483
20161205,mrazomej,O3,-9.7,delta,0,0,4.1472,0.8348685521540763,0.9050279329608939,5633.475140410047
20161205,mrazomej,O3,-9.7,delta,0,0,2.3296,0.8555359192559118,0.9891304347826086,3192.5397584511065
20161205,mrazomej,O3,-9.7,delta,0,0,3.8144,0.9519434222727384,0.8975903614457831,2330.609326156902
20161205,mrazomej,O3,-9.7,delta,0,0,3.1232,0.9157875152374858,0.9172932330827067,4285.479021499859
20161205,mrazomej,O3,-9.7,delta,0,0,2.6624000000000003,0.8754401214420704,0.9629629629629629,6045.336528491278
20161205,mrazomej,O3,-9.7,delta,0,0,14.3872,0.9843386323483301,0.5194085027726433,3738.0024393576587
20161205,mrazomej,O3,-9.7,delta,0,0,7.168,0.8294748553664485,0.6746987951807228,4267.978621048875
20161205,mrazomej,O3,-9.7,delta,0,0,5.4272,0.9343332922260923,0.8688524590163934,3144.5188073052404
20161205,mrazomej,O3,-9.7,delta,0,0,3.9168000000000003,0.9600809235214912,0.8895348837209303,11856.409805418023
20161205,mrazomej,O3,-9.7,delta,0,0,3.7632000000000003,0.9484306639219977,0.9483870967741935,2278.180286915439
20161205,mrazomej,O3,-9.7,delta,0,0,2.8672,0.912712068148493,0.9572649572649573,2432.754728646916
20161205,mrazomej,O3,-9.7,delta,0,0,2.5344,0.8463074900985389,0.9705882352941176,5150.135793869148
20161205,mrazomej,O3,-9.7,delta,0,0,6.1696,0.8833271910904226,0.9163498098859315,4998.651942436421
20161205,mrazomej,O3,-9.7,delta,0,0,6.4768,0.882497371781889,0.9035714285714286,6559.7556261796735
20161205,mrazomej,O3,-9.7,delta,0,0,8.473600000000001,0.6801242808555201,0.8850267379679144,6737.49451876081
20161205,mrazomej,O3,-9.7,delta,0,0,3.3792,0.9327935344604146,0.9041095890410958,4269.916789235799
20161205,mrazomej,O3,-9.7,delta,0,0,5.324800000000001,0.8797810214222169,0.9004329004329005,5776.465986974317
20161205,mrazomej,O3,-9.7,delta,0,0,2.5344,0.8563765795299405,0.9252336448598131,3730.1898960075655
20161205,mrazomej,O3,-9.7,delta,0,0,2.8672,0.888885297123721,0.9333333333333333,4328.156595538437
20161205,mrazomej,O3,-9.7,delta,0,0,4.096,0.9526684470880123,0.8791208791208791,2552.4693346593035
20161205,mrazomej,O3,-9.7,delta,0,0,3.456,0.9035459916285202,0.9440559440559441,6142.4039178213125
20161205,mrazomej,O3,-9.7,delta,0,0,2.7648,0.8830723616472215,0.9310344827586207,2403.695470202676
20161205,mrazomej,O3,-9.7,delta,0,0,6.0928,0.8800941036634589,0.937007874015748,4259.796980892712
20161205,mrazomej,O3,-9.7,delta,0,0,4.096,0.9543399608927844,0.898876404494382,2321.371431940036
20161205,mrazomej,O3,-9.7,delta,0,0,2.944,0.9126417559136326,0.9745762711864406,3126.8061009397074
20161205,mrazomej,O3,-9.7,delta,0,0,4.1728000000000005,0.9571693880036951,0.9157303370786517,3697.7889374503425
20161205,mrazomej,O3,-9.7,delta,0,0,8.0896,0.9241917650096383,0.8876404494382022,3529.8081429547506
20161205,mrazomej,O3,-9.7,delta,0,0,3.712,0.9428729992770162,0.90625,3905.146509828044
20161205,mrazomej,O3,-9.7,delta,0,0,6.912,0.974872242476479,0.7780979827089337,3856.3834418266088
20161205,mrazomej,O3,-9.7,delta,0,0,3.8144,0.945972865022698,0.9085365853658537,1876.709363753005
20161205,mrazomej,O3,-9.7,delta,0,0,2.3296,0.8667499475959516,0.9891304347826086,3178.6918995791398
20161205,mrazomej,O3,-9.7,delta,0,0,4.0704,0.9459938259849963,0.888268156424581,2606.6315178283617
20161205,mrazomej,O3,-9.7,delta,0,0,6.2208000000000006,0.8867828977016242,0.8321917808219178,9775.622191483719
20161205,mrazomej,O3,-9.7,delta,0,0,4.2752,0.9568909580090492,0.907608695652174,1922.1944910663076
20161205,mrazomej,O3,-9.7,delta,0,0,7.4752,0.4310148062382084,0.8439306358381503,336.1682525949948
20161205,mrazomej,O3,-9.7,delta,0,0,8.652800000000001,0.8890254984964142,0.6627450980392157,2018.0040414737196
20161205,mrazomej,O3,-9.7,delta,0,0,1.6384,0.8173475754664896,0.9552238805970149,137.85388614080375
20161205,mrazomej,O3,-9.7,delta,0,0,1.8688,0.7035491545060203,0.9733333333333334,677.3986114449422
20161205,mrazomej,O3,-9.7,delta,0,0,2.7392000000000003,0.9103656107491785,0.981651376146789,4719.2912793327
20161205,mrazomej,O3,-9.7,delta,0,0,3.0976000000000004,0.8947040252422805,0.968,3758.745173810986
20161205,mrazomej,O3,-9.7,delta,0,0,3.072,0.9069182064026505,0.8633093525179856,3921.4376480143414
20161205,mrazomej,O3,-9.7,delta,0,0,4.1984,0.8894286836161476,0.845360824742268,6005.710646309874
20161205,mrazomej,O3,-9.7,delta,0,0,3.6608,0.9507335766989834,0.9470198675496688,3483.900868625408
20161205,mrazomej,O3,-9.7,delta,0,0,6.1184,0.8990724882825348,0.9372549019607843,4150.332105467423
20161205,mrazomej,O3,-9.7,delta,0,0,3.3280000000000003,0.9248536732339437,0.9420289855072463,4822.942173505886
20161205,mrazomej,O3,-9.7,delta,0,0,3.2768,0.9282485437389469,0.9142857142857143,3118.5266381856645
20161205,mrazomej,O3,-9.7,delta,0,0,3.9424,0.9426101733222764,0.9685534591194969,2992.6918833209315
20161205,mrazomej,O3,-9.7,delta,0,0,2.7648,0.9063675210200015,1.0,4740.272699795127
20161205,mrazomej,O3,-9.7,delta,0,0,3.3536,0.9219795617893471,0.903448275862069,3530.9074003239284
20161205,mrazomej,O3,-9.7,delta,0,0,3.3024,0.9336950139099905,0.8958333333333334,2247.2714497623856
20161205,mrazomej,O3,-9.7,delta,0,0,3.4304,0.935582329790554,0.9241379310344827,4338.223268455129
20161205,mrazomej,O3,-9.7,delta,0,0,2.8928000000000003,0.9126795850474108,0.9338842975206612,3366.5060892038273
20161205,mrazomej,O3,-9.7,delta,0,0,3.584,0.9223968185305426,0.9271523178807947,3933.676474975614
20161205,mrazomej,O3,-9.7,delta,0,0,2.944,0.8851935659847716,0.9349593495934959,3084.7453326213927
20161205,mrazomej,O3,-9.7,delta,0,0,3.6096000000000004,0.9342259105087175,0.9215686274509803,2602.679159639053
20161205,mrazomej,O3,-9.7,delta,0,0,3.072,0.9102396111021508,0.9375,3306.506973729201
20161205,mrazomej,O3,-9.7,delta,0,0,5.376,0.8520285674554793,0.7581227436823105,3703.6585237466975
20161205,mrazomej,O3,-9.7,delta,0,0,2.5856000000000003,0.8610629430344907,0.9805825242718447,2591.206575408355
20161205,mrazomej,O3,-9.7,delta,0,0,4.096,0.9592920549987796,0.898876404494382,4823.358623955059
20161205,mrazomej,O3,-9.7,delta,0,0,4.6336,0.702977583427456,0.7479338842975206,2413.87003367167
20161205,mrazomej,O3,-9.7,delta,0,0,3.4048000000000003,0.9434418424764757,0.9047619047619048,3461.240225397533
20161205,mrazomej,O3,-9.7,delta,0,0,2.4832,0.821132171552055,0.9897959183673469,1875.8764270260713
20161205,mrazomej,O3,-9.7,delta,0,0,3.4304,0.9119155350996119,0.9305555555555556,8055.002177602486
20161205,mrazomej,O3,-9.7,delta,0,0,2.7136,0.9034671951310733,1.0,3290.4317412257046
20161205,mrazomej,O3,-9.7,delta,0,0,2.6368,0.8880072149418909,1.0,3827.884562615482
20161205,mrazomej,O3,-9.7,delta,0,0,2.7392000000000003,0.9089536247576044,0.9553571428571429,2391.177203687727
20161205,mrazomej,O3,-9.7,delta,0,0,2.8160000000000003,0.8690833901177586,0.9649122807017544,5328.598002445638
20161205,mrazomej,O3,-9.7,delta,0,0,5.0688,0.9472369597878055,0.853448275862069,4305.9320050362785
20161205,mrazomej,O3,-9.7,delta,0,0,3.584,0.9515828145426112,0.9210526315789473,3486.968657711069
20161205,mrazomej,O3,-9.7,delta,0,0,2.9952,0.9287674223389988,0.9140625,6012.507819892
20161205,mrazomej,O3,-9.7,delta,0,0,4.7104,0.944286386271168,0.8440366972477065,3982.025474538184
20161205,mrazomej,O3,-9.7,delta,0,0,2.6624000000000003,0.8963157601093907,0.9719626168224299,2976.8918407484807
20161205,mrazomej,O3,-9.7,delta,0,0,3.4816000000000003,0.9456541163312912,0.9251700680272109,4536.167884911647
20161205,mrazomej,O3,-9.7,delta,0,0,4.454400000000001,0.9658097524698513,0.8923076923076924,2840.261632020294
20161205,mrazomej,O3,-9.7,delta,0,0,3.4048000000000003,0.9442312484107492,0.9047619047619048,3537.2797325719507
20161205,mrazomej,O3,-9.7,delta,0,0,2.5856000000000003,0.8418237303466335,0.9439252336448598,4076.6961414375783
20161205,mrazomej,O3,-9.7,delta,0,0,2.688,0.8866948701626761,0.9459459459459459,2704.7562612585116
20161205,mrazomej,O3,-9.7,delta,0,0,3.7376,0.95895542016705,0.8902439024390244,2869.334301599398
20161205,mrazomej,O3,-9.7,delta,0,0,2.176,0.8618594112335864,0.9444444444444444,2854.121734041795
20161205,mrazomej,O3,-9.7,delta,0,0,2.7136,0.8565757430032744,0.954954954954955,3410.6019223899025
20161205,mrazomej,O3,-9.7,delta,0,0,3.4304,0.9171118918981365,0.9370629370629371,6379.844422790524
20161205,mrazomej,O3,-9.7,delta,0,0,6.1184,0.9335992021063414,0.6947674418604651,4862.214987024373
20161205,mrazomej,O3,-9.7,delta,0,0,2.8160000000000003,0.9109024309280926,0.9482758620689655,3812.7330702393247
20161205,mrazomej,O3,-9.7,delta,0,0,3.9936000000000003,0.9553175477934958,0.8863636363636364,2366.7945570847146
20161205,mrazomej,O3,-9.7,delta,0,0,2.9184,0.8897824293559753,0.9743589743589743,2240.263023148397
20161205,mrazomej,O3,-9.7,delta,0,0,2.3808000000000002,0.8308040866550319,0.9893617021276596,4210.255261867285
20161205,mrazomej,O3,-9.7,delta,0,0,3.9424,0.9426441432457021,0.9058823529411765,3468.9057169763164
20161205,mrazomej,O3,-9.7,delta,0,0,4.5568,0.9628329733926472,0.8202764976958525,2079.6464012249403
20161205,mrazomej,O3,-9.7,delta,0,0,3.3280000000000003,0.9389016892069704,0.9219858156028369,1904.4703305239186
20161205,mrazomej,O3,-9.7,delta,0,0,3.2512000000000003,0.9257550395325269,0.927007299270073,3262.2744911609343
20161205,mrazomej,O3,-9.7,delta,0,0,3.7888,0.949844639170952,0.9426751592356688,5165.136191734966
20161205,mrazomej,O3,-9.7,delta,0,0,2.3808000000000002,0.8737496710551723,0.9587628865979382,2758.484246821978
20161205,mrazomej,O3,-9.7,delta,0,0,4.3264000000000005,0.9648186206111294,0.8666666666666667,4051.648773308514
20161205,mrazomej,O3,-9.7,delta,0,0,4.48,0.950160870283649,0.8620689655172413,4777.910806428343
20161205,mrazomej,O3,-9.7,delta,0,0,3.8400000000000003,0.9495348357355432,0.8928571428571429,5482.810334485138
20161205,mrazomej,O3,-9.7,delta,0,0,2.5088,0.8869435672955113,0.9514563106796117,2264.289767268286
20161205,mrazomej,O3,-9.7,delta,0,0,2.8928000000000003,0.9011719228853987,0.9416666666666667,4627.286095269238
20161205,mrazomej,O3,-9.7,delta,0,0,3.6096000000000004,0.9467902073542293,0.9038461538461539,3656.9859642485044
20161205,mrazomej,O3,-9.7,delta,0,0,3.6864000000000003,0.9448374350744284,0.8944099378881988,3316.4478100949104
20161205,mrazomej,O3,-9.7,delta,0,0,3.5072,0.921017477540348,0.9383561643835616,2148.6674817767994
20161205,mrazomej,O3,-9.7,delta,0,0,3.0208,0.9005400504058668,0.9365079365079365,3974.860931494884
20161205,mrazomej,O3,-9.7,delta,0,0,3.968,0.9461736004845007,0.8908045977011494,1893.9322419287585
20161205,mrazomej,O3,-9.7,delta,0,0,2.4832,0.8691273306307952,0.9603960396039604,2649.0106235837497
20161205,mrazomej,O3,-9.7,delta,0,0,3.8144,0.9368198642124097,0.9254658385093167,3902.323363007598
20161205,mrazomej,O3,-9.7,delta,0,0,4.6336,0.9685390310648334,0.8578199052132701,3088.478774870706
20161205,mrazomej,O3,-9.7,delta,0,0,3.5584000000000002,0.9595721162760474,0.879746835443038,2585.114914785362
20161205,mrazomej,O3,-9.7,delta,0,0,4.224,0.9565693558537708,0.8870967741935484,2982.590652972785
20161205,mrazomej,O3,-9.7,delta,0,0,3.1488,0.9321393602183207,0.8848920863309353,2698.1150224243947
20161205,mrazomej,O3,-9.7,delta,0,0,3.9936000000000003,0.9551014598944201,0.8571428571428571,2629.8918582634365
20161205,mrazomej,O3,-9.7,delta,0,0,4.6592,0.9673415142235089,0.896551724137931,3644.720936411705
20161205,mrazomej,O3,-9.7,delta,0,0,2.7904,0.8769869860110753,0.9478260869565217,2128.509713956797
20161205,mrazomej,O3,-9.7,delta,0,0,3.6352,0.9524807769118614,0.9044585987261147,2744.694910988183
20161205,mrazomej,O3,-9.7,delta,0,0,4.864,0.8043909844901728,0.926829268292683,7408.462638833531
20161205,mrazomej,O3,-9.7,delta,0,0,2.5344,0.844033765278958,0.9519230769230769,1694.1343304093018
20161205,mrazomej,O3,-9.7,delta,0,0,4.1728000000000005,0.9619096036321546,0.8858695652173914,2763.099679537712
20161205,mrazomej,O3,-9.7,delta,0,0,4.9408,0.9751799232059694,0.8008298755186722,3180.529779423488
20161205,mrazomej,O3,-9.7,delta,0,0,3.456,0.9335229316664353,0.9642857142857143,2340.2297071264097
20161205,mrazomej,O3,-9.7,delta,0,0,2.9696000000000002,0.9065453844977276,0.9133858267716536,3007.5455498568144
20161205,mrazomej,O3,-9.7,delta,0,0,3.8400000000000003,0.9504722903708837,0.9202453987730062,4201.127854310687
20161205,mrazomej,O3,-9.7,delta,0,0,5.8112,0.9767974404512051,0.8438661710037175,3484.7015840047284
20161205,mrazomej,O3,-9.7,delta,0,0,2.4832,0.8624507537712827,0.9603960396039604,3177.3717692084647
20161205,mrazomej,O3,-9.7,delta,0,0,2.3552,0.832812881212431,0.968421052631579,1501.0420972391219
20161205,mrazomej,O3,-9.7,delta,0,0,2.5856000000000003,0.88227465797175,0.9351851851851852,3456.6081971217673
20161205,mrazomej,O3,-9.7,delta,0,0,2.0992,0.8077624435358853,0.9534883720930233,2945.5800634300676
20161205,mrazomej,O3,-9.7,delta,0,0,2.5088,0.8738583318705568,0.9702970297029703,4052.7072275573723
20161205,mrazomej,O3,-9.7,delta,0,0,4.48,0.9531738146617179,0.8838383838383839,5623.5336936685435
20161205,mrazomej,O3,-9.7,delta,0,0,4.864,0.9591702788651243,0.852017937219731,2929.57360239443
20161205,mrazomej,O3,-9.7,delta,0,0,2.688,0.8967372512911935,0.963302752293578,2579.329217581983
20161205,mrazomej,O3,-9.7,delta,0,0,3.3024,0.9032211108035436,0.9416058394160584,3870.111265117705
20161205,mrazomej,O3,-9.7,delta,0,0,4.0448,0.9558059970480828,0.9186046511627907,2236.2235111160426
20161205,mrazomej,O3,-9.7,delta,0,0,3.5328000000000004,0.950027705290624,0.9139072847682119,3273.728259703104
20161205,mrazomej,O3,-9.7,delta,0,0,4.0704,0.9601135227520129,0.888268156424581,1737.1034575732629
20161205,mrazomej,O3,-9.7,delta,0,0,3.456,0.9226355903926226,0.9121621621621622,3868.1918316532588
20161205,mrazomej,O3,-9.7,delta,0,0,3.3280000000000003,0.9408600834520439,0.9027777777777778,2591.912921445713
20161205,mrazomej,O3,-9.7,delta,0,0,4.454400000000001,0.9600557009335056,0.9109947643979057,2982.4033564993324
20161205,mrazomej,O3,-9.7,delta,0,0,3.2,0.9172521172519114,0.9124087591240876,4456.578069470931
20161205,mrazomej,O3,-9.7,delta,0,0,3.7888,0.9503267641608742,0.9024390243902439,3459.1483185553548
20161205,mrazomej,O3,-9.7,delta,0,0,7.3984000000000005,0.9739520199373153,0.7225,3070.98437865611
20161205,mrazomej,O3,-9.7,delta,0,0,3.2,0.9282383502613115,0.8992805755395683,4487.918549510475
20161205,mrazomej,O3,-9.7,delta,0,0,3.9424,0.9514980829393029,0.9112426035502958,2961.0876109737687
20161205,mrazomej,O3,-9.7,delta,0,0,5.5808,0.8687148344140402,0.8755020080321285,4694.975991255731
20161205,mrazomej,O3,-9.7,delta,0,0,4.1472,0.9595125726798098,0.8709677419354839,4147.97040123872
20161205,mrazomej,O3,-9.7,delta,0,0,2.4064,0.8610967671328464,0.9690721649484536,2150.904315398314
20161205,mrazomej,O3,-9.7,delta,0,0,7.7824,0.954198309756569,0.8216216216216217,6486.927586591008
20161205,mrazomej,O3,-9.7,delta,0,0,4.736000000000001,0.9591035612016545,0.8644859813084113,5730.527641608664
20161205,mrazomej,O3,-9.7,delta,0,0,4.2752,0.9626619210597278,0.8391959798994975,2800.223293184911
20161205,mrazomej,O3,-9.7,delta,0,0,3.4048000000000003,0.9399806646237664,0.9047619047619048,2959.305085423264
20161205,mrazomej,O3,-9.7,delta,0,0,3.4048000000000003,0.9381266961038198,0.8986486486486487,2517.427124917188
20161205,mrazomej,O3,-9.7,delta,0,0,2.7136,0.9040370630802869,1.0,2505.3166265143846
20161205,mrazomej,O3,-9.7,delta,0,0,2.4064,0.8399084815101872,0.9894736842105263,3893.572274094686
20161205,mrazomej,O3,-9.7,delta,0,0,6.0928,0.9772506612537206,0.8530465949820788,5933.773574827626
20161205,mrazomej,O3,-9.7,delta,0,0,2.6112,0.8566622069813388,0.9714285714285714,2429.9885359324344
20161205,mrazomej,O3,-9.7,delta,0,0,2.4832,0.8106283290947058,0.9509803921568627,3073.1355944131724
20161205,mrazomej,O3,-9.7,delta,0,0,3.1488,0.920385083505388,0.968503937007874,3083.7089847466905
20161205,mrazomej,O3,-9.7,delta,0,0,4.6848,0.9168672473648389,0.8672985781990521,5410.658103725347
20161205,mrazomej,O3,-9.7,delta,0,0,6.8864,0.9086654995233016,0.8053892215568862,6532.958793937452
20161205,mrazomej,O3,-9.7,delta,0,0,2.048,0.7797531239143602,0.975609756097561,3775.0733630496034
20161205,mrazomej,O3,-9.7,delta,0,0,7.8592,0.8619337084137226,0.7599009900990099,5789.426677174152
20161205,mrazomej,O3,-9.7,delta,0,0,2.56,0.873820335453754,0.9345794392523364,2407.217586455572
20161205,mrazomej,O3,-9.7,delta,0,0,3.4048000000000003,0.9183601242835845,0.9366197183098591,1895.6428992421424
20161205,mrazomej,O3,-9.7,delta,0,0,2.5344,0.8541471929220157,0.9519230769230769,2336.9418328112024
20161205,mrazomej,O3,-9.7,delta,0,0,3.6096000000000004,0.9419807078936719,0.8980891719745223,2881.4223969374466
20161205,mrazomej,O3,-9.7,delta,0,0,2.6368,0.8708304963854954,0.9809523809523809,2085.795324888468
20161205,mrazomej,O3,-9.7,delta,0,0,3.5328000000000004,0.9534389581977251,0.971830985915493,4144.691222498727
20161205,mrazomej,O3,-9.7,delta,0,0,2.8416,0.8825447030953485,0.9487179487179487,4820.372187780921
20161205,mrazomej,O3,-9.7,delta,0,0,5.1456,0.8149762202987346,0.8933333333333333,7395.600162873844
20161205,mrazomej,O3,-9.7,delta,0,0,4.7872,0.9534030829850968,0.8820754716981132,2162.9962887299002
20161205,mrazomej,O3,-9.7,delta,0,0,4.6336,0.9619829567126141,0.8537735849056604,3175.045915459011
20161205,mrazomej,O3,-9.7,delta,0,0,2.3040000000000003,0.8393385923799284,0.9473684210526315,2765.6575688603016
20161205,mrazomej,O3,-9.7,delta,0,0,4.2496,0.9604689626033384,0.9021739130434783,3501.5932926141904
20161205,mrazomej,O3,-9.7,delta,0,0,3.4816000000000003,0.9450639010167726,0.951048951048951,3075.217504418141
20161205,mrazomej,O3,-9.7,delta,0,0,3.6864000000000003,0.9549754469876102,0.9171974522292994,2408.361183559716
20161205,mrazomej,O3,-9.7,delta,0,0,4.0704,0.9555655543353061,0.8932584269662921,2745.5373013700305
20161205,mrazomej,O3,-9.7,delta,0,0,2.7904,0.8861130739076012,0.9478260869565217,3619.8744033218154
20161205,mrazomej,O3,-9.7,delta,0,0,2.4832,0.8651203582707264,0.9509803921568627,3621.1600085197897
20161205,mrazomej,O3,-9.7,delta,0,0,4.0192000000000005,0.9536990856690938,0.8920454545454546,2396.5613078535
20161205,mrazomej,O3,-9.7,delta,0,0,2.7136,0.843518767097615,0.9906542056074766,3684.027769557422
20161205,mrazomej,O3,-9.7,delta,0,0,2.7904,0.8577200748551252,0.9316239316239316,1942.3008345638916
20161205,mrazomej,O3,-9.7,delta,0,0,2.6368,0.854798397324504,0.9903846153846154,3870.369364428904
20161205,mrazomej,O3,-9.7,delta,0,0,3.3280000000000003,0.9196456803881381,0.9420289855072463,2153.5087161191695
20161205,mrazomej,O3,-9.7,delta,0,0,4.300800000000001,0.9499749557622014,0.9281767955801105,2893.3649352482835
20161205,mrazomej,O3,-9.7,delta,0,0,3.0976000000000004,0.9215619109412806,0.9236641221374046,1915.371193567499
20161205,mrazomej,O3,-9.7,delta,0,0,4.0448,0.9510724842031971,0.8977272727272727,5849.618965100167
20161205,mrazomej,O3,-9.7,delta,0,0,4.6080000000000005,0.9683685146633906,0.9090909090909091,3998.6933617552395
20161205,mrazomej,O3,-9.7,delta,0,0,2.8672,0.9035802371757232,0.9411764705882353,2228.8164856857015
20161205,mrazomej,O3,-9.7,delta,0,0,2.7904,0.8854258874002551,0.9316239316239316,5169.294054991326
20161205,mrazomej,O3,-9.7,delta,0,0,3.3792,0.9287608695800433,0.9705882352941176,2788.3005830857746
20161205,mrazomej,O3,-9.7,delta,0,0,2.3552,0.8068128836102086,1.0,4308.990839202888
20161205,mrazomej,O3,-9.7,delta,0,0,3.0976000000000004,0.9136709230641796,0.9603174603174603,6556.304679409337
20161205,mrazomej,O3,-9.7,delta,0,0,2.9184,0.9083076209073354,0.957983193277311,6497.609873978677
20161205,mrazomej,O3,-9.7,delta,0,0,3.5328000000000004,0.9384266295744769,0.9139072847682119,4135.230538813913
20161205,mrazomej,O3,-9.7,delta,0,0,4.5056,0.9565913803177215,0.8543689320388349,2817.2148030849803
20161205,mrazomej,O3,-9.7,delta,0,0,3.2256,0.9073644958032799,0.9692307692307692,3000.7206977840065
20161205,mrazomej,O3,-9.7,delta,0,0,3.072,0.886337074318501,0.9836065573770492,4494.205104063175
20161205,mrazomej,O3,-9.7,delta,0,0,4.5312,0.9634319557316482,0.8762376237623762,3328.8734327492048
20161205,mrazomej,O3,-9.7,delta,0,0,4.736000000000001,0.960781337249575,0.8564814814814815,4648.522921098589
20161205,mrazomej,O3,-9.7,delta,0,0,5.6064,0.7933265536171089,0.9864864864864865,4634.420318802923
20161205,mrazomej,O3,-9.7,delta,0,0,3.3792,0.9248790107646209,0.9230769230769231,1524.216547876163
20161205,mrazomej,O3,-9.7,delta,0,0,2.9184,0.9002434767956191,0.9661016949152542,2196.9682794671116
20161205,mrazomej,O3,-9.7,delta,0,0,5.5040000000000004,0.9756095573141065,0.9307359307359307,2296.977090321713
20161205,mrazomej,O3,-9.7,delta,0,0,3.9168000000000003,0.9622930910793608,0.95625,2415.6857031086665
20161205,mrazomej,O3,-9.7,delta,0,0,2.56,0.8896341737256039,0.9433962264150944,1811.1170530458944
20161205,mrazomej,O3,-9.7,delta,0,0,6.7584,0.9184994773000554,0.8380952380952381,3801.4546535286777
20161205,mrazomej,O3,-9.7,delta,0,0,5.4272,0.7649361459072345,0.9680365296803652,5134.630856291175
20161205,mrazomej,O3,-9.7,delta,0,0,3.456,0.9487969625683853,0.9375,2703.0175210141283
20161205,mrazomej,O3,-9.7,delta,0,0,3.6864000000000003,0.958475481385796,0.9,4700.27632556643
20161205,mrazomej,O3,-9.7,delta,0,0,3.8656,0.9276512014315803,0.9320987654320988,8513.43041049269
20161205,mrazomej,O3,-9.7,delta,0,0,3.5072,0.9335816048963602,0.9256756756756757,3323.7850004257048
20161205,mrazomej,O3,-9.7,delta,0,0,3.6864000000000003,0.953616954062799,0.972972972972973,1822.3419045016717
20161205,mrazomej,O3,-9.7,delta,0,0,2.4064,0.8424385822834827,0.9791666666666666,1976.620579178326
20161205,mrazomej,O3,-9.7,delta,0,0,2.4064,0.8616915136430163,0.9591836734693877,2161.8576601924206
20161205,mrazomej,O3,-9.7,delta,0,0,4.6592,0.9618186241694211,0.8921568627450981,6078.942801702199
20161205,mrazomej,O3,-9.7,delta,0,0,4.5056,0.9632827532798575,0.8669950738916257,3129.049821830651
20161205,mrazomej,O3,-9.7,delta,0,0,3.2,0.9254632371321497,0.9124087591240876,3485.314631559363
20161205,mrazomej,O3,-9.7,delta,0,0,3.584,0.9473604378200474,0.9210526315789473,2113.1852224264017
20161205,mrazomej,O3,-9.7,delta,0,0,4.0448,0.9462022570729892,0.9080459770114943,2433.9742772634995
20161205,mrazomej,O3,-9.7,delta,0,0,2.3552,0.8463392489594257,0.9583333333333334,2712.4767344600477
20161205,mrazomej,O3,-9.7,delta,0,0,4.1984,0.9515976180815736,0.9010989010989011,4219.194412377322
20161205,mrazomej,O3,-9.7,delta,0,0,2.5856000000000003,0.829235520669902,1.0,2466.090706940617
20161205,mrazomej,O3,-9.7,delta,0,0,4.1728000000000005,0.9508556226736239,0.9421965317919075,2038.4168443348346
20161205,mrazomej,O3,-9.7,delta,0,0,2.7904,0.900161671097046,0.9478260869565217,2274.360010187515
20161205,mrazomej,O3,-9.7,delta,0,0,2.6624000000000003,0.8656670649548147,0.9541284403669725,3645.0815724319814
20161205,mrazomej,O3,-9.7,delta,0,0,13.7728,0.9701963921198838,0.4735915492957746,3911.642745614393
20161205,mrazomej,O3,-9.7,delta,0,0,3.712,0.9473371903377542,0.9539473684210527,2935.885453108436
20161205,mrazomej,O3,-9.7,delta,0,0,2.7648,0.8696799338375863,0.972972972972973,2434.533505862267
20161205,mrazomej,O3,-9.7,delta,0,0,5.6832,0.8366211521457269,0.940677966101695,5437.490774621251
20161205,mrazomej,O3,-9.7,delta,0,0,3.1488,0.9062140716806594,0.9534883720930233,4633.081022591554
20161205,mrazomej,O3,-9.7,delta,0,0,7.4496,0.7737309768756699,0.8243626062322946,4913.459060470448
20161205,mrazomej,O3,-9.7,delta,0,0,2.4832,0.831846179515504,0.97,2350.4105949293657
20161205,mrazomej,O3,-9.7,delta,0,0,2.8672,0.9159208350414929,0.9824561403508771,3111.632828523037
20161205,mrazomej,O3,-9.7,delta,0,0,8.5248,0.8228502686313314,0.7909738717339667,4050.619151380739
20161205,mrazomej,O3,-9.7,delta,0,0,14.336,0.9623562881334297,0.6488991888760139,2672.874629902497
20161205,mrazomej,O3,-9.7,delta,0,0,4.352,0.6405565969102082,0.9659090909090909,3705.1695392341176
20161205,mrazomej,O3,-9.7,delta,0,0,2.6112,0.8640840006744606,0.9357798165137615,1954.8425782994498
20161205,mrazomej,O3,-9.7,delta,0,0,3.2256,0.9094299997584868,0.9473684210526315,2234.4040127144194
20161205,mrazomej,O3,-9.7,delta,0,0,2.0736,0.6885231540994992,0.9878048780487805,4176.370378157932
20161205,mrazomej,O3,-9.7,delta,0,0,3.2512000000000003,0.9302486592300782,0.9407407407407408,2574.2576687679953
20161205,mrazomej,O3,-9.7,delta,0,0,2.9184,0.9049270666794845,0.9661016949152542,2499.1655730658235
20161205,mrazomej,O3,-9.7,delta,0,0,2.6624000000000003,0.8671744164243083,0.9719626168224299,2323.143288014865
20161205,mrazomej,O3,-9.7,delta,0,0,3.9168000000000003,0.9501396234658679,0.884393063583815,4153.5689985595
20161205,mrazomej,O3,-9.7,delta,0,0,4.6592,0.7091753962462424,0.9629629629629629,7381.9934817828
20161205,mrazomej,O3,-9.7,delta,0,0,6.195200000000001,0.8764771422487354,0.8673835125448028,2678.8393806007352
20161205,mrazomej,O3,-9.7,delta,0,0,5.5808,0.9156010528615218,0.897119341563786,6837.75559520326
20161205,mrazomej,O3,-9.7,delta,0,0,3.456,0.9348978086384165,0.9310344827586207,4675.4793297616125
20161205,mrazomej,O3,-9.7,delta,0,0,2.3296,0.7607066418103793,0.978494623655914,3999.309423224891
20161205,mrazomej,O3,-9.7,delta,0,0,6.3744000000000005,0.855877265463144,0.9120879120879121,4122.602372110545
20161205,mrazomej,O3,-9.7,delta,0,0,4.300800000000001,0.953778601738807,0.8704663212435233,2596.5857534170377
20161205,mrazomej,O3,-9.7,delta,0,0,4.9664,0.5259602786909031,0.9463414634146341,5370.396261653574
20161205,mrazomej,O3,-9.7,delta,0,0,13.696000000000002,0.9588260235618575,0.622093023255814,3130.370014227112
20161205,mrazomej,O3,-9.7,delta,0,0,3.4304,0.9039863970324404,0.950354609929078,2979.5923980761177
20161205,mrazomej,O3,-9.7,delta,0,0,5.760000000000001,0.9778967304851387,0.7601351351351351,3688.8463120487695
20161205,mrazomej,O3,-9.7,delta,0,0,2.8672,0.8799353484939162,0.9824561403508771,3708.5632425851727
20161205,mrazomej,O3,-9.7,delta,0,0,2.5344,0.8573695423440901,0.9705882352941176,2373.568972211849
20161205,mrazomej,O3,-9.7,delta,0,0,3.8656,0.9314781516513505,0.9151515151515152,3379.992807724879
20161205,mrazomej,O3,-9.7,delta,0,0,3.8400000000000003,0.9556135938746918,0.9090909090909091,3428.7009316055974
20161205,mrazomej,O3,-9.7,delta,0,0,2.8672,0.8752492123800785,0.9572649572649573,4204.017731484781
20161205,mrazomej,O3,-9.7,delta,0,0,2.2272000000000003,0.8621005347910952,1.0,3838.986526422719
20161205,mrazomej,O3,-9.7,delta,0,0,2.8928000000000003,0.9156091981487522,0.9338842975206612,3825.350691125616
20161205,mrazomej,O3,-9.7,delta,0,0,2.3552,0.8493734749012075,0.968421052631579,2422.5583415258952
20161205,mrazomej,O3,-9.7,delta,0,0,2.8928000000000003,0.9033104391232106,0.9262295081967213,3203.129317530663
20161205,mrazomej,O3,-9.7,delta,0,0,5.043200000000001,0.9730930770882158,0.9120370370370371,3882.1134932504265
20161205,mrazomej,O3,-9.7,delta,0,0,4.0192000000000005,0.9475818736685598,0.8626373626373627,2632.183457955123
20161205,mrazomej,O3,-9.7,delta,0,0,8.576,0.820323425373848,0.6226765799256505,3778.5591640313432
20161205,mrazomej,O3,-9.7,delta,0,0,4.2752,0.9517859157499053,0.907608695652174,2963.346166537176
20161205,mrazomej,O3,-9.7,delta,0,0,9.0624,0.8729027396125915,0.8119266055045872,5979.416162289458
20161205,mrazomej,O3,-9.7,delta,0,0,9.728,0.9582397369136257,0.5740181268882175,2963.6056416170586
20161205,mrazomej,O3,-9.7,delta,0,0,3.712,0.949652733581827,0.9539473684210527,3669.9883479720775
20161205,mrazomej,O3,-9.7,delta,0,0,9.651200000000001,0.9022246826447535,0.666077738515901,2905.3611579146755
20161205,mrazomej,O3,-9.7,delta,0,0,4.1984,0.9563182029134073,0.8631578947368421,3382.088174691512
20161205,mrazomej,O3,-9.7,delta,0,0,2.5344,0.8515104688074052,0.9705882352941176,3319.1491844745733
20161205,mrazomej,O3,-9.7,delta,0,0,4.1984,0.9563436641608188,0.8913043478260869,3446.9061079692856
20161205,mrazomej,O3,-9.7,delta,0,0,2.3808000000000002,0.8644113383203199,0.93,1964.5667048416474
20161205,mrazomej,O3,-9.7,delta,0,0,5.6576,0.9755905270158952,0.8467432950191571,5054.568191501625
20161205,mrazomej,O3,-9.7,delta,0,0,6.5792,0.9336508580121393,0.6658031088082902,3506.8162599896727
20161205,mrazomej,O3,-9.7,delta,0,0,6.656000000000001,0.40442246744087895,0.7344632768361582,4037.7322385965863
20161205,mrazomej,O3,-9.7,delta,0,0,6.016,0.9411313087975529,0.7654723127035831,3677.928239736148
20161205,mrazomej,O3,-9.7,delta,0,0,3.072,0.9267136075531588,0.975609756097561,3687.9497084742775
20161205,mrazomej,O3,-9.7,delta,0,0,4.2496,0.9560184132126006,0.9021739130434783,3921.9539447076386
20161205,mrazomej,O3,-9.7,delta,0,0,3.6608,0.9383563043364259,0.89937106918239,7398.618320330141
20161205,mrazomej,O3,-9.7,delta,0,0,2.56,0.8755268309646038,0.9523809523809523,2734.9148345024173
20161205,mrazomej,O3,-9.7,delta,0,0,2.5856000000000003,0.9064169820477013,0.9528301886792453,5870.2700730419965
20161205,mrazomej,O3,-9.7,delta,0,0,16.7424,0.7465205373392255,0.6673469387755102,8510.335827347964
20161205,mrazomej,O3,-9.7,delta,0,0,3.2512000000000003,0.9163926019061309,0.9477611940298507,5306.943930424604
20161205,mrazomej,O3,-9.7,delta,0,0,3.4048000000000003,0.9409342154836566,0.9851851851851852,5512.243018757787
20161205,mrazomej,O3,-9.7,delta,0,0,7.244800000000001,0.9865473693265029,0.7927170868347339,3785.2621313171385
20161205,mrazomej,O3,-9.7,delta,0,0,2.4064,0.8129975840403694,0.9690721649484536,4793.271879873981
20161205,mrazomej,O3,-9.7,delta,0,0,2.8416,0.9202909010922757,0.925,2859.452051915861
20161205,mrazomej,O3,-9.7,delta,0,0,6.8864,0.8794496990822928,0.9026845637583892,5082.472030498043
20161205,mrazomej,O3,-9.7,delta,0,0,6.0928,0.8655230694744448,0.8469750889679716,4515.808887006061
20161205,mrazomej,O3,-9.7,delta,0,0,2.3296,0.8678557211663844,0.9891304347826086,2802.1459708961975
20161205,mrazomej,O3,-9.7,delta,0,0,3.4816000000000003,0.9377720220957171,0.918918918918919,4292.52466469318
20161205,mrazomej,O3,-9.7,delta,0,0,4.8128,0.9527288940714432,0.831858407079646,3373.9689278571786
20161205,mrazomej,O3,-9.7,delta,0,0,3.7888,0.9553848930162548,0.961038961038961,2312.3063954475583
20161205,mrazomej,O3,-9.7,delta,0,0,5.8112,0.8428375352715702,0.8832684824902723,4398.609554905201
20161205,mrazomej,O3,-9.7,delta,0,0,3.4304,0.9225449634387051,0.9370629370629371,3546.5902918769243
20161205,mrazomej,O3,-9.7,delta,0,0,3.584,0.9511711842272544,0.8974358974358975,2871.5312457129626
20161205,mrazomej,O3,-9.7,delta,0,0,2.6624000000000003,0.9014642762589081,0.9454545454545454,2528.11546075192
20161205,mrazomej,O3,-9.7,delta,0,0,9.088000000000001,0.9056804708699514,0.8987341772151899,3633.4253365067975
20161205,mrazomej,O3,-9.7,delta,0,0,2.688,0.8768039555864277,0.9459459459459459,2775.6932172578586
20161205,mrazomej,O3,-9.7,delta,0,0,3.6096000000000004,0.9414235690139181,0.8980891719745223,3060.137058244328
20161205,mrazomej,O3,-9.7,delta,0,0,5.7344,0.37433813440196745,0.8145454545454546,3627.4687944465595
20161205,mrazomej,O3,-9.7,delta,0,0,4.7616000000000005,0.9695434174950679,0.8857142857142857,2107.390707533001
20161205,mrazomej,O3,-9.7,delta,0,0,2.9952,0.9015838328212631,0.9590163934426229,8912.421063034773
20161205,mrazomej,O3,-9.7,delta,0,0,6.7072,0.9509221622675145,0.8704318936877077,3464.1356197929017
20161205,mrazomej,O3,-9.7,delta,0,0,7.219200000000001,0.8813712967434022,0.912621359223301,4649.751459906977
20161205,mrazomej,O3,-9.7,delta,0,0,2.688,0.8968153886420988,0.9545454545454546,2617.2389761966
20161205,mrazomej,O3,-9.7,delta,0,0,2.8672,0.8773605735935618,0.9491525423728814,3732.2967389564187
20161205,mrazomej,O3,-9.7,delta,0,0,2.56,0.8342355282228027,0.9615384615384616,3444.1740304174227
20161205,mrazomej,O3,-9.7,delta,0,0,3.3536,0.9205952554433298,0.9290780141843972,2221.0723452714005
20161205,mrazomej,O3,-9.7,delta,0,0,3.4048000000000003,0.9355485817273732,0.95,1917.6841683945377
20161205,mrazomej,O3,-9.7,delta,0,0,3.7888,0.9482826751012485,0.9192546583850931,1377.1241288944432
20161205,mrazomej,O3,-9.7,delta,0,0,6.8608,0.982620317299648,0.8454258675078864,5489.007619664926
20161205,mrazomej,O3,-9.7,delta,0,0,2.944,0.9051082379457711,0.9504132231404959,2057.1064741762584
20161205,mrazomej,O3,-9.7,delta,0,0,4.096,0.950219523492728,0.8888888888888888,4960.749168979381
20161205,mrazomej,O3,-9.7,delta,0,0,2.7136,0.859475704610379,0.9814814814814815,2857.321521560406
20161205,mrazomej,O3,-9.7,delta,0,0,2.56,0.8949393769976618,0.9523809523809523,3405.7056720552578
20161205,mrazomej,O3,-9.7,delta,0,0,2.7392000000000003,0.8996330387282766,0.9907407407407407,2808.31476029492
20161205,mrazomej,O3,-9.7,delta,0,0,2.4576000000000002,0.8585424235740844,0.96,3761.9490607700227
20161205,mrazomej,O3,-9.7,delta,0,0,3.4304,0.937619251619598,0.8993288590604027,3959.9758703089274
20161205,mrazomej,O3,-9.7,delta,0,0,2.8160000000000003,0.9110739585835806,0.9649122807017544,3164.7702884184287
20161205,mrazomej,O3,-9.7,delta,0,0,4.454400000000001,0.9561348388392148,0.9405405405405406,5470.371438895803
20161205,mrazomej,O3,-9.7,delta,0,0,2.8928000000000003,0.9090610916286845,0.9576271186440678,3119.5943721299072
20161205,mrazomej,O3,-9.7,delta,0,0,4.3264000000000005,0.9503807828602704,0.8802083333333334,2494.004995982487
20161205,mrazomej,O3,-9.7,delta,0,0,3.072,0.916219246708246,0.9302325581395349,6334.822728846628
20161205,mrazomej,O3,-9.7,delta,0,0,3.9424,0.9338258456820229,0.9506172839506173,8597.506955831273
20161205,mrazomej,O3,-9.7,delta,0,0,2.1504000000000003,0.7911314760798834,0.9882352941176471,4134.691170334855
20161205,mrazomej,O3,-9.7,delta,0,0,2.7136,0.8726318578845449,0.9636363636363636,3999.925221613529
20161205,mrazomej,O3,-9.7,delta,0,0,3.1232,0.91589960109761,0.9172932330827067,3272.2445635784693
20161205,mrazomej,O3,-9.7,delta,0,0,3.712,0.9399398405578154,0.90625,5508.419144064517
20161205,mrazomej,O3,-9.7,delta,0,0,3.0208,0.8942235732182291,0.9833333333333333,3774.4445795493666
20161205,mrazomej,O3,-9.7,delta,0,0,3.0464,0.9152999033857652,0.952,3641.179073792647
20161205,mrazomej,O3,-9.7,delta,0,0,2.5856000000000003,0.8933194289043307,0.9901960784313726,2230.9426252831604
20161205,mrazomej,O3,-9.7,delta,0,0,3.0208,0.9156740330607914,0.944,2334.2322849500697
20161205,mrazomej,O3,-9.7,delta,0,0,2.8672,0.8909189468286186,0.9655172413793104,3098.4547153816443
20161205,mrazomej,O3,-9.7,delta,0,0,3.2768,0.9307070899746612,0.9343065693430657,2670.491478079656
20161205,mrazomej,O3,-9.7,delta,0,0,2.4064,0.8225132480738259,0.9690721649484536,2362.7067700577477
20161205,mrazomej,O3,-9.7,delta,0,0,4.224,0.9495502787146467,0.9217877094972067,4934.006876620186
20161205,mrazomej,O3,-9.7,delta,0,0,2.6368,0.8772439276180322,0.9363636363636364,3239.999907821932
20161205,mrazomej,O3,-9.7,delta,0,0,4.9152000000000005,0.9645891786984838,0.8847926267281107,6812.916738044379
20161205,mrazomej,O3,-9.7,delta,0,0,3.0208,0.8642688740822793,0.7239263803680982,5020.027209766041
20161205,mrazomej,O3,-9.7,delta,0,0,3.8656,0.8924135801751442,0.967948717948718,261.45484649410525
20161205,mrazomej,O3,-9.7,delta,0,0,2.1248,0.8054195559785026,0.9764705882352941,218.71369226834372
20161205,mrazomej,O3,-9.7,delta,0,0,3.456,0.9347035065880518,0.9183673469387755,2863.172665802667
20161205,mrazomej,O3,-9.7,delta,0,0,2.5856000000000003,0.8699773575216991,0.9711538461538461,2808.3200395175927
20161205,mrazomej,O3,-9.7,delta,0,0,4.7872,0.9679945298826678,0.8738317757009346,4512.545846458463
20161205,mrazomej,O3,-9.7,delta,0,0,3.1488,0.8374323825847259,0.9534883720930233,168.51126778150916
20161205,mrazomej,O3,-9.7,delta,0,0,3.9936000000000003,0.9308466335301308,0.975,3598.457977680438
20161205,mrazomej,O3,-9.7,delta,0,0,5.9392000000000005,0.9796346144476695,0.8923076923076924,6774.5596207932695
20161205,mrazomej,O3,-9.7,delta,0,0,2.6368,0.8455174382231393,0.9716981132075472,1613.0687132184382
20161205,mrazomej,O3,-9.7,delta,0,0,4.352,0.93637452198702,0.8994708994708994,2101.474717005029
20161205,mrazomej,O3,-9.7,delta,0,0,3.8400000000000003,0.9418105391206368,0.9036144578313253,2578.307203557434
20161205,mrazomej,O3,-9.7,delta,0,0,4.300800000000001,0.9501002470846485,0.8888888888888888,1875.4522953492033
20161205,mrazomej,O3,-9.7,delta,0,0,2.8928000000000003,0.9147666586239058,0.9576271186440678,4041.9775554864314
20161205,mrazomej,O3,-9.7,delta,0,0,2.9952,0.8985247157707089,0.9512195121951219,2304.873425852639
20161205,mrazomej,O3,-9.7,delta,0,0,2.9952,0.8280926078666144,0.9831932773109243,1439.4539919598672
20161205,mrazomej,O3,-9.7,delta,0,0,4.6848,0.9656363291224075,0.8394495412844036,2210.7623787334255
20161205,mrazomej,O3,-9.7,delta,0,0,4.0448,0.9618683370939309,0.9028571428571428,3239.035240513024
20161205,mrazomej,O3,-9.7,delta,0,0,3.072,0.9134641504151394,0.967741935483871,3023.8566134889525
20161205,mrazomej,O3,-9.7,delta,0,0,8.7552,0.9462935668567194,0.7862068965517242,3424.92370331141
20161205,mrazomej,O3,-9.7,delta,0,0,18.7136,0.9525602338950292,0.588093322606597,4840.388013276528
20161205,mrazomej,O3,-9.7,delta,0,0,2.8928000000000003,0.9178117302689361,0.9338842975206612,2516.6374995270808
20161205,mrazomej,O3,-9.7,delta,0,0,3.3536,0.9357627815079429,0.8972602739726028,4361.222031016452
20161205,mrazomej,O3,-9.7,delta,0,0,2.9184,0.9070758074866068,0.926829268292683,2497.136981250477
20161205,mrazomej,O3,-9.7,delta,0,0,2.9952,0.9102916844207269,0.936,2710.3851341042946
20161205,mrazomej,O3,-9.7,delta,0,0,2.9184,0.8960590173317109,0.95,4907.007671092942
20161205,mrazomej,O3,-9.7,delta,0,0,3.3792,0.9369049603960969,0.9565217391304348,3414.9872240865457
20161205,mrazomej,O3,-9.7,delta,0,0,7.654400000000001,0.9214051999589502,0.7456359102244389,4967.251614643074
20161205,mrazomej,O3,-9.7,delta,0,0,3.6352,0.9406966560081779,0.9530201342281879,4655.100730943184
20161205,mrazomej,O3,-9.7,delta,0,0,5.8624,0.6857613930997701,0.9662447257383966,9999.050951563302
20161205,mrazomej,O3,-9.7,delta,0,0,4.8128,0.729479511307404,0.9591836734693877,3578.167541382483
20161205,mrazomej,O3,-9.7,delta,0,0,2.5856000000000003,0.8772113923045539,0.9619047619047619,3097.50283342347
20161205,mrazomej,O3,-9.7,delta,0,0,3.712,0.9522033719854966,0.8841463414634146,7298.974087479734
20161205,mrazomej,O3,-9.7,delta,0,0,2.4832,0.8750309925347703,1.0,3231.0156663474218
20161205,mrazomej,O3,-9.7,delta,0,0,6.9632000000000005,0.8949070436387506,0.8553459119496856,3445.486913772411
20161205,mrazomej,O3,-9.7,delta,0,0,4.4032,0.9561801895185456,0.9148936170212766,5475.9206501566
20161205,mrazomej,O3,-9.7,delta,0,0,2.6368,0.8775099737283308,0.9716981132075472,4391.7419395056395
20161205,mrazomej,O3,-9.7,delta,0,0,2.7136,0.882483097199929,0.9464285714285714,3309.9924650268017
20161205,mrazomej,O3,-9.7,delta,0,0,10.0096,0.6866299058164598,0.7898989898989899,8937.201326096363
20161205,mrazomej,O3,-9.7,delta,0,0,18.918400000000002,0.9041145106874373,0.5912,5902.895961069609
20161205,mrazomej,O3,-9.7,delta,0,0,2.8416,0.8950206089895202,0.9487179487179487,1925.3018796582935
20161205,mrazomej,O3,-9.7,delta,0,0,2.2784,0.8393070513478483,0.967391304347826,2280.5049626081804
20161205,mrazomej,O3,-9.7,delta,0,0,8.9856,0.9149066208735595,0.7282157676348547,5759.997275618004
20161205,mrazomej,O3,-9.7,delta,0,0,3.072,0.9023555060312123,0.9836065573770492,3115.2326429978916
20161205,mrazomej,O3,-9.7,delta,0,0,8.217600000000001,0.8965371283148118,0.7642857142857142,5174.680979915738
20161205,mrazomej,O3,-9.7,delta,0,0,2.4576000000000002,0.8329426003361967,0.9411764705882353,2300.3164525104876
20161205,mrazomej,O3,-9.7,delta,0,0,4.224,0.9444583478929803,0.9065934065934066,4933.169517228807
20161205,mrazomej,O3,-9.7,delta,0,0,4.454400000000001,0.9587971320987171,0.87,5640.469388823
20161205,mrazomej,O3,-9.7,delta,0,0,3.6608,0.9447181050749931,0.9285714285714286,3213.68090640507
20161205,mrazomej,O3,-9.7,delta,0,0,6.8864,0.838855320414219,0.7598870056497176,5233.7556699614415
20161205,mrazomej,O3,-9.7,delta,0,0,3.456,0.924318448317611,0.9375,7697.69652610988
20161205,mrazomej,O3,-9.7,delta,0,0,2.4064,0.8136775445877851,1.0,2058.2236724744675
20161205,mrazomej,O3,-9.7,delta,0,0,3.2256,0.9291997459450998,0.9064748201438849,5194.807984227362
20161205,mrazomej,O3,-9.7,delta,0,0,5.0688,0.8365461582846381,0.9166666666666666,2724.153220791479
20161205,mrazomej,O3,-9.7,delta,0,0,4.3264000000000005,0.955742272300465,0.8756476683937824,3086.0729102007117
20161205,mrazomej,O3,-9.7,delta,0,0,2.9952,0.9108655034808202,0.9512195121951219,4674.738649367027
20161205,mrazomej,O3,-9.7,delta,0,0,7.091200000000001,0.44294086871284466,0.9486301369863014,4162.610934835441
20161205,mrazomej,O3,-9.7,delta,0,0,5.7088,0.9325640809982193,0.8849206349206349,3833.24164056973
20161205,mrazomej,O3,-9.7,delta,0,0,2.2528,0.8709507458630593,0.9887640449438202,2267.9958266601116
20161205,mrazomej,O3,-9.7,delta,0,0,3.712,0.942839707037425,0.9477124183006536,4294.4602411827
20161205,mrazomej,O3,-9.7,delta,0,0,9.958400000000001,0.7808205228922094,0.7987679671457906,2914.4114026138495
20161205,mrazomej,O3,-9.7,delta,0,0,5.5808,0.8356796809336705,0.9519650655021834,3701.8707693615315
20161205,mrazomej,O3,-9.7,delta,0,0,2.8672,0.9098778175689693,0.9655172413793104,2931.257722290424
20161205,mrazomej,O3,-9.7,delta,0,0,4.4288,0.9559641246384908,0.8963730569948186,2233.685726292922
20161205,mrazomej,O3,-9.7,delta,0,0,3.3536,0.9339184191532908,0.9225352112676056,3332.3161570822654
20161205,mrazomej,O3,-9.7,delta,0,0,6.3232,0.8369280180619957,0.9148148148148149,4517.722434880762
20161205,mrazomej,O3,-9.7,delta,0,0,2.8672,0.8801061893152121,0.9572649572649573,1558.6234393660784
20161205,mrazomej,O3,-9.7,delta,0,0,2.8160000000000003,0.8654151877493107,0.990990990990991,2188.4905697434515
20161205,mrazomej,O3,-9.7,delta,0,0,4.3264000000000005,0.9552892254379136,0.8894736842105263,2799.2152154927235
20161205,mrazomej,O3,-9.7,delta,0,0,2.3040000000000003,0.8387234763173408,0.967741935483871,1969.3998138349493
20161205,mrazomej,O3,-9.7,delta,0,0,2.9696000000000002,0.8898376765772428,0.943089430894309,3390.889508732654
20161205,mrazomej,O3,-9.7,delta,0,0,4.2752,0.9664051237097995,0.8564102564102564,4038.3681683509353
20161205,mrazomej,O3,-9.7,delta,0,0,4.096,0.9542510856130675,0.8743169398907104,4749.480166102336
20161205,mrazomej,O3,-9.7,delta,0,0,2.432,0.8553655550774669,0.9405940594059405,4564.775707837954
20161205,mrazomej,O3,-9.7,delta,0,0,3.7376,0.9521323936869291,0.9240506329113924,2970.2813197104165
20161205,mrazomej,O3,-9.7,delta,0,0,2.944,0.9032455492949844,0.9583333333333334,2287.4585230853977
20161205,mrazomej,O3,-9.7,delta,0,0,5.6832,0.7740686091312631,0.961038961038961,5290.92232339101
20161205,mrazomej,O3,-9.7,delta,0,0,4.9152000000000005,0.9669610894805212,0.8495575221238938,4017.494304197518
20161205,mrazomej,O3,-9.7,delta,0,0,2.9952,0.9077602154178884,0.9212598425196851,5027.55869363863
20161205,mrazomej,O3,-9.7,delta,0,0,4.6336,0.9619323355367434,0.8743961352657005,2197.0252568930314
20161205,mrazomej,O3,-9.7,delta,0,0,6.2976,0.9554908250819693,0.803921568627451,6099.741965841428
20161205,mrazomej,O3,-9.7,delta,0,0,2.8160000000000003,0.8986326281221442,0.9322033898305084,3704.41105283939
20161205,mrazomej,O3,-9.7,delta,0,0,2.8672,0.8775941403288406,0.9911504424778761,3040.122213325754
20161205,mrazomej,O3,-9.7,delta,0,0,4.1728000000000005,0.9603609684080302,0.8489583333333334,2033.1979558258079
20161205,mrazomej,O3,-9.7,delta,0,0,3.5328000000000004,0.9554866009844962,0.9583333333333334,2854.445119619542
20161205,mrazomej,O3,-9.7,delta,0,0,3.1488,0.9198950056240005,0.924812030075188,2288.0856113067166
20161205,mrazomej,O3,-9.7,delta,0,0,5.5808,0.9087881035430673,0.8226415094339623,3949.1711699858815
20161205,mrazomej,O3,-9.7,delta,0,0,3.9168000000000003,0.9532576291534722,0.9444444444444444,4479.45774238342
20161205,mrazomej,O3,-9.7,delta,0,0,2.7136,0.875815883906302,0.9636363636363636,4749.616318838606
20161205,mrazomej,O3,-9.7,delta,0,0,4.9664,0.9688302726080236,0.8858447488584474,6707.381595030071
20161205,mrazomej,O3,-9.7,delta,0,0,4.7104,0.7759285384643636,0.8803827751196173,2720.234375929419
20161205,mrazomej,O3,-9.7,delta,0,0,3.584,0.9523761789458431,0.8805031446540881,2571.5750264321655
20161205,mrazomej,O3,-9.7,delta,0,0,3.9168000000000003,0.9437410287542145,0.9386503067484663,3496.3436085418616
20161205,mrazomej,O3,-9.7,delta,0,0,2.6624000000000003,0.8905031194889566,0.9629629629629629,4783.006685237763
20161205,mrazomej,O3,-9.7,delta,0,0,3.4048000000000003,0.9330021147269164,0.9432624113475178,3725.483472359715
20161205,mrazomej,O3,-9.7,delta,0,0,3.4304,0.9315900284886627,0.9178082191780822,3808.0210644735453
20161205,mrazomej,O3,-9.7,delta,0,0,3.7888,0.9505553108173608,0.891566265060241,2759.757572487013
20161205,mrazomej,O3,-9.7,delta,0,0,6.7072,0.7883874977335101,0.706199460916442,4975.067567144785
20161205,mrazomej,O3,-9.7,delta,0,0,2.3552,0.8664985031321297,0.9583333333333334,3347.1829069805594
20161205,mrazomej,O3,-9.7,delta,0,0,3.968,0.9500388789217664,0.9064327485380117,4450.990677992302
20161205,mrazomej,O3,-9.7,delta,0,0,3.0208,0.900154365193093,0.9365079365079365,2003.34953463433
20161205,mrazomej,O3,-9.7,delta,0,0,3.8912,0.9360128992803183,0.8735632183908046,4138.540053540673
20161205,mrazomej,O3,-9.7,delta,0,0,2.7136,0.8824045218555033,0.9636363636363636,5678.395115562018
20161205,mrazomej,O3,-9.7,delta,0,0,4.5312,0.9330429202477692,0.8894472361809045,2893.329986875349
20161205,mrazomej,O3,-9.7,delta,0,0,10.8032,0.8542834488081911,0.7152542372881356,4322.548439846822
20161205,mrazomej,O3,-9.7,delta,0,0,3.0208,0.8981924742834543,0.944,2807.9082893944556
20161205,mrazomej,O3,-9.7,delta,0,0,2.2272000000000003,0.8316349512253105,0.9886363636363636,2953.3831608018504
20161205,mrazomej,O3,-9.7,delta,0,0,2.7904,0.9215009809514104,0.9732142857142857,3598.593196719339
20161205,mrazomej,O3,-9.7,delta,0,0,2.7904,0.8976858670706218,0.9396551724137931,3210.0289695196775
20161205,mrazomej,O3,-9.7,delta,0,0,4.4032,0.9636295963966653,0.9247311827956989,4586.356662383241
20161205,mrazomej,O3,-9.7,delta,0,0,4.096,0.9438447576290765,0.8839779005524862,5937.063149980555
20161205,mrazomej,O3,-9.7,delta,0,0,2.9952,0.8810660683446928,0.9669421487603306,5625.8206493167445
20161205,mrazomej,O3,-9.7,delta,0,0,2.7392000000000003,0.8853967027489954,0.9304347826086956,3112.9999804077506
20161205,mrazomej,O3,-9.7,delta,0,0,3.9936000000000003,0.9370826017275506,0.9285714285714286,5267.987202888419
20161205,mrazomej,O3,-9.7,delta,0,0,3.456,0.9385777944800308,0.9440559440559441,4306.137392471361
20161205,mrazomej,O3,-9.7,delta,0,0,3.2768,0.9321125822714377,0.9552238805970149,4071.0722789889387
20161205,mrazomej,O3,-9.7,delta,0,0,4.992,0.9702589678947829,0.9027777777777778,4252.31113498003
20161205,mrazomej,O3,-9.7,delta,0,0,2.9184,0.9168260079776899,0.95,3505.359269035103
20161205,mrazomej,O3,-9.7,delta,0,0,2.7392000000000003,0.888256801540493,0.963963963963964,4455.628969703406
20161205,mrazomej,O3,-9.7,delta,0,0,3.0208,0.9064775719112433,0.944,1848.0884347681097
20161205,mrazomej,O3,-9.7,delta,0,0,3.9424,0.9557816430426076,0.9333333333333333,2974.57411850978
20161205,mrazomej,O3,-9.7,delta,0,0,4.0192000000000005,0.9525860019009716,0.8920454545454546,3043.900961383679
20161205,mrazomej,O3,-9.7,delta,0,0,3.2,0.9326748418663394,0.9191176470588235,2647.5633343635773
20161205,mrazomej,O3,-9.7,delta,0,0,3.9424,0.9618194380342873,0.8603351955307262,2055.991370889862
20161205,mrazomej,O3,-9.7,delta,0,0,3.1744000000000003,0.9385244143610646,0.9465648854961832,2780.439691695108
20161205,mrazomej,O3,-9.7,delta,0,0,5.171200000000001,0.8125509954100505,0.9181818181818182,5427.109766007957
20161205,mrazomej,O3,-9.7,delta,0,0,2.5088,0.8567911541325312,0.9607843137254902,3842.940054585523
20161205,mrazomej,O3,-9.7,delta,0,0,4.1472,0.9505794311981692,0.8663101604278075,3426.6095537867795
20161205,mrazomej,O3,-9.7,delta,0,0,4.096,0.9529076592172647,0.9195402298850575,5567.138169928268
20161205,mrazomej,O3,-9.7,delta,0,0,2.56,0.8540851756772345,0.9523809523809523,3029.7528366620345
20161205,mrazomej,O3,-9.7,delta,0,0,3.8144,0.9529642554664142,0.8869047619047619,2436.5410134793983
20161205,mrazomej,O3,-9.7,delta,0,0,3.2,0.9240180215740782,0.9328358208955224,7432.7646140523575
20161205,mrazomej,O3,-9.7,delta,0,0,3.6608,0.9463793742039214,0.9225806451612903,4457.500137643473
20161205,mrazomej,O3,-9.7,delta,0,0,4.0192000000000005,0.9573305845653602,0.8486486486486486,5927.158133745453
20161205,mrazomej,O3,-9.7,delta,0,0,3.3792,0.9205096861693249,0.9361702127659575,4226.257487743391
20161205,mrazomej,O3,-9.7,delta,0,0,2.2784,0.8400352528559031,0.9888888888888889,2972.350816016324
20161205,mrazomej,O3,-9.7,delta,0,0,2.5088,0.8490353773651624,0.9607843137254902,2262.5219030139733
20161205,mrazomej,O3,-9.7,delta,0,0,3.0208,0.9058006382203998,0.9365079365079365,6617.399136571442
20161205,mrazomej,O3,-9.7,delta,0,0,2.3296,0.8297854730691977,0.9479166666666666,3049.5325448604726
20161205,mrazomej,O3,-9.7,delta,0,0,2.8160000000000003,0.8842957940208043,0.9482758620689655,6457.224988316986
20161205,mrazomej,O3,-9.7,delta,0,0,7.244800000000001,0.9039356515641342,0.6206140350877193,3094.493663423427
20161205,mrazomej,O3,-9.7,delta,0,0,31.488000000000003,0.9702376788171975,0.49437299035369775,4189.081820812195
20161205,mrazomej,O3,-9.7,delta,0,0,5.0944,0.8995289948653721,0.8024193548387096,4749.91860117398
20161205,mrazomej,O3,-9.7,delta,0,0,3.8912,0.9516436056353214,0.9559748427672956,8265.89039435765
20161205,mrazomej,O3,-9.7,delta,0,0,2.3040000000000003,0.8370813963423496,0.9782608695652174,3446.2089082386487
20161205,mrazomej,O3,-9.7,delta,0,0,3.9936000000000003,0.9449599385471682,0.8764044943820225,6416.038240635746
20161205,mrazomej,O3,-9.7,delta,0,0,2.5856000000000003,0.8621536232350924,0.9619047619047619,1424.66993734075
20161205,mrazomej,O3,-9.7,delta,0,0,6.7328,0.9744543338350982,0.7471590909090909,5209.04907061883
20161205,mrazomej,O3,-9.7,delta,0,0,9.523200000000001,0.9761297603395268,0.75,3696.4565903420007
20161205,mrazomej,O3,-9.7,delta,0,0,2.7904,0.8691517145034713,0.9646017699115044,8064.543805808278
20161205,mrazomej,O3,-9.7,delta,0,0,2.8416,0.8402385019565284,0.925,2144.2324600154047
20161205,mrazomej,O3,-9.7,delta,0,0,7.244800000000001,0.587836097515495,0.6852300242130751,3669.664699341668
20161205,mrazomej,O3,-9.7,delta,0,0,2.432,0.827443744142475,0.979381443298969,1973.1587252511908
20161205,mrazomej,O3,-9.7,delta,0,0,5.043200000000001,0.9662626203340983,0.8602620087336245,3221.1468155947887
20161205,mrazomej,O3,-9.7,delta,0,0,6.5792,0.9597012928967714,0.7740963855421686,2067.361184461339
20161205,mrazomej,O3,-9.7,delta,0,0,6.7328,0.8129249676132522,0.9100346020761245,2619.2198705506466
20161205,mrazomej,O3,-9.7,delta,0,0,3.6608,0.9410211731603355,0.9285714285714286,2308.2555726505407
20161205,mrazomej,O3,-9.7,delta,0,0,2.7136,0.8437892374952869,0.9814814814814815,2046.408798613653
20161205,mrazomej,O3,-9.7,delta,0,0,3.3536,0.9098291448577444,0.9424460431654677,1966.2393467760517
20161205,mrazomej,O3,-9.7,delta,0,0,4.0704,0.9502217494133586,0.9244186046511628,3403.3922489351708
20161205,mrazomej,O3,-9.7,delta,0,0,4.1984,0.8806635435638217,0.9010989010989011,3743.9266133033643
20161205,mrazomej,O3,-9.7,delta,0,0,3.2,0.8920450417798022,0.984251968503937,4583.196242070235
20161205,mrazomej,O3,-9.7,delta,0,0,3.1232,0.9282826356932973,0.9384615384615385,3524.3266844400723
20161205,mrazomej,O3,-9.7,delta,0,0,3.3536,0.9312570716377103,0.9097222222222222,2802.745882568075
20161205,mrazomej,O3,-9.7,delta,0,0,3.1232,0.9004714652373998,0.9682539682539683,2682.840564403036
20161205,mrazomej,O3,-9.7,delta,0,0,3.3792,0.9185372517770216,0.9103448275862069,3364.9547369233087
20161205,mrazomej,O3,-9.7,delta,0,0,3.8912,0.9559784548207151,0.8786127167630058,4451.332242648682
20161205,mrazomej,O3,-9.7,delta,0,0,3.072,0.9204550973079101,0.9448818897637795,3064.4856192543543
20161205,mrazomej,O3,-9.7,delta,0,0,6.144,0.9578888143793788,0.7792207792207793,7826.440314880125
20161205,mrazomej,O3,-9.7,delta,0,0,3.6608,0.9426759040414565,0.910828025477707,5961.652626826955
20161205,mrazomej,O3,-9.7,delta,0,0,3.8144,0.9446151954828975,0.8975903614457831,2704.439656847138
20161205,mrazomej,O3,-9.7,delta,0,0,3.3280000000000003,0.935572917617339,0.9027777777777778,2569.5101392912957
20161205,mrazomej,O3,-9.7,delta,0,0,4.300800000000001,0.9546319886809135,0.9281767955801105,4875.419202077851
20161205,mrazomej,O3,-9.7,delta,0,0,3.1744000000000003,0.8970726587952389,0.9393939393939394,4279.464677084684
20161205,mrazomej,O3,-9.7,delta,0,0,3.6608,0.9443874796137469,0.9050632911392406,3250.0728517680022
20161205,mrazomej,O3,-9.7,delta,0,0,6.067200000000001,0.9756284415993519,0.855595667870036,2856.9895733609796
20161205,mrazomej,O3,-9.7,delta,0,0,3.6352,0.9385713963194176,0.922077922077922,4284.866627366764
20161205,mrazomej,O3,-9.7,delta,0,0,4.5312,0.9210023599425554,0.8719211822660099,2236.5918406030883
20161205,mrazomej,O3,-9.7,delta,0,0,3.9936000000000003,0.9568534440745655,0.8863636363636364,3376.538704480189
20161205,mrazomej,O3,-9.7,delta,0,0,2.6112,0.883880386727727,0.9272727272727272,1708.1834945961084
20161205,mrazomej,O3,-9.7,delta,0,0,2.6624000000000003,0.8948288853877211,0.9454545454545454,3009.059516341103
20161205,mrazomej,O3,-9.7,delta,0,0,4.48,0.8919295469619543,0.8027522935779816,3283.0146744256695
20161205,mrazomej,O3,-9.7,delta,0,0,2.9952,0.9140073529785454,0.936,4174.416766255813
20161205,mrazomej,O3,-9.7,delta,0,0,3.6608,0.9366720563220714,0.89937106918239,4376.6973828718155
20161205,mrazomej,O3,-9.7,delta,0,0,3.2512000000000003,0.9136090726711258,0.9338235294117647,3342.863291201653
20161205,mrazomej,O3,-9.7,delta,0,0,2.8160000000000003,0.9082180357333901,0.9401709401709402,4239.64601912283
20161205,mrazomej,O3,-9.7,delta,0,0,3.7376,0.942072334115706,0.9419354838709677,3444.4761023168867
20161205,mrazomej,O3,-9.7,delta,0,0,4.0448,0.9602076966928751,0.9693251533742331,4221.540708741916
20161205,mrazomej,O3,-9.7,delta,0,0,3.072,0.9278448145510766,0.96,2124.293640670404
20161205,mrazomej,O3,-9.7,delta,0,0,3.7632000000000003,0.951651011935044,0.8909090909090909,4683.4405646066
20161205,mrazomej,O3,-9.7,delta,0,0,4.096,0.9502792820911541,0.8839779005524862,3555.980344562717
20161205,mrazomej,O3,-9.7,delta,0,0,3.4048000000000003,0.9395687786915882,0.9172413793103448,2884.329437076263
20161205,mrazomej,O3,-9.7,delta,0,0,3.0208,0.9252444495245435,0.959349593495935,3175.7804642786655
20161205,mrazomej,O3,-9.7,delta,0,0,3.3024,0.9372437788616701,0.9020979020979021,3051.034031846207
20161205,mrazomej,O3,-9.7,delta,0,0,3.1488,0.8761846438621015,0.9609375,4462.95541602042
20161205,mrazomej,O3,-9.7,delta,0,0,5.376,0.9733328917402949,0.8571428571428571,4772.30017913363
20161205,mrazomej,O3,-9.7,delta,0,0,2.3552,0.8506275246164404,0.968421052631579,3271.2427513220223
20161205,mrazomej,O3,-9.7,delta,0,0,2.8160000000000003,0.8975004551321571,0.9401709401709402,2148.203265321875
20161205,mrazomej,O3,-9.7,delta,0,0,3.1744000000000003,0.9115623140883513,0.9117647058823529,4494.37438004108
20161205,mrazomej,O3,-9.7,delta,0,0,2.1248,0.7871171833992596,0.9764705882352941,3010.890310976425
20161205,mrazomej,O3,-9.7,delta,0,0,2.5344,0.8708516758054252,0.9519230769230769,3342.9930631618263
20161205,mrazomej,O3,-9.7,delta,0,0,3.968,0.9452270324139421,0.9117647058823529,6878.1835558195835
20161205,mrazomej,O3,-9.7,delta,0,0,3.9424,0.9450219628448919,0.8901734104046243,2370.531942989553
20161205,mrazomej,O3,-9.7,delta,0,0,3.0976000000000004,0.8945250359461827,0.9453125,2224.9848451500784
20161205,mrazomej,O3,-9.7,delta,0,0,3.3536,0.9372117675529237,0.9097222222222222,2964.3653525787013
20161205,mrazomej,O3,-9.7,delta,0,0,3.712,0.9406692964676151,0.8841463414634146,3261.2096891273245
20161205,mrazomej,O3,-9.7,delta,0,0,2.56,0.8631991773654316,0.9523809523809523,2877.3449501268037
20161205,mrazomej,O3,-9.7,delta,0,0,3.8400000000000003,0.9550051173844867,0.8875739644970414,2425.6885811060138
20161205,mrazomej,O3,-9.7,delta,0,0,3.3280000000000003,0.9423316316562221,0.9629629629629629,2078.271040152107
20161205,mrazomej,O3,-9.7,delta,0,0,2.9696000000000002,0.8976138772852302,0.943089430894309,4128.318569336729
20161205,mrazomej,O3,-9.7,delta,0,0,3.072,0.9200874359975589,0.9302325581395349,2778.643192573011
20161205,mrazomej,O3,-9.7,delta,0,0,4.864,0.9675092345649439,0.8837209302325582,6033.046738350758
20161205,mrazomej,O3,-9.7,delta,0,0,2.2784,0.8605321402047312,0.967391304347826,3489.8922475572845
20161205,mrazomej,O3,-9.7,delta,0,0,5.12,0.9705579034567162,0.8888888888888888,3962.3121997305757
20161205,mrazomej,O3,-9.7,delta,0,0,3.8912,0.9549546847118653,0.8786127167630058,1946.4352433475724
20161205,mrazomej,O3,-9.7,delta,0,0,4.4032,0.7440728638921591,0.9297297297297298,2725.286739430055
20161205,mrazomej,O3,-9.7,delta,0,0,2.8672,0.9093736941278554,0.9491525423728814,3602.780600534333
20161205,mrazomej,O3,-9.7,delta,0,0,2.688,0.8814308981228048,0.9545454545454546,3194.0918398739364
20161205,mrazomej,O3,-9.7,delta,0,0,6.4768,0.9643138936049298,0.8214285714285714,2612.282262006839
20161205,mrazomej,O3,-9.7,delta,0,0,2.6112,0.8425533458806734,0.9902912621359223,1594.6215387811947
20161205,mrazomej,O3,-9.7,delta,0,0,3.8144,0.9491642060710357,0.8465909090909091,2994.2060239750544
20161205,mrazomej,O3,-9.7,delta,0,0,2.8416,0.9017134542918085,0.9327731092436975,4048.7464557074254
20161205,mrazomej,O3,-9.7,delta,0,0,2.7136,0.8709434155240765,0.9814814814814815,6112.5554647540575
20161205,mrazomej,O3,-9.7,delta,0,0,2.944,0.9068907834351723,0.9583333333333334,3853.685777464208
20161205,mrazomej,O3,-9.7,delta,0,0,3.456,0.9355645500345576,0.9440559440559441,8037.131148791968
20161205,mrazomej,O3,-9.7,delta,0,0,3.0976000000000004,0.9214559094255003,0.9918032786885246,4937.775425659522
20161205,mrazomej,O3,-9.7,delta,0,0,6.2976,0.8696799753268095,0.9044117647058824,4495.594526885859
20161205,mrazomej,O3,-9.7,delta,0,0,3.2,0.9201973837791918,0.9328358208955224,3150.497705561216
20161205,mrazomej,O3,-9.7,delta,0,0,4.1728000000000005,0.9525367238185963,0.8716577540106952,2651.733244185069
20161205,mrazomej,O3,-9.7,delta,0,0,5.5552,0.9338684308718344,0.7560975609756098,1824.5361228581144
20161205,mrazomej,O3,-9.7,delta,0,0,3.7632000000000003,0.9429781072379337,0.9245283018867925,3577.9566600626526
20161205,mrazomej,O3,-9.7,delta,0,0,2.3040000000000003,0.87171698141968,0.989010989010989,2451.768209382029
20161205,mrazomej,O3,-9.7,delta,0,0,6.016,0.7938539123315753,0.7275541795665634,3701.753971552319
20161205,mrazomej,O3,-9.7,delta,0,0,3.1232,0.9176610854637275,0.953125,2594.94606982581
20161205,mrazomej,O3,-9.7,delta,0,0,3.6864000000000003,0.9439462846963141,0.9,2682.2490993798656
20161205,mrazomej,O3,-9.7,delta,0,0,4.0704,0.9531368691167887,0.8548387096774194,2463.0174985677822
20161205,mrazomej,O3,-9.7,delta,0,0,3.5072,0.9317194519506847,0.9448275862068966,5242.529346949115
20161205,mrazomej,O3,-9.7,delta,0,0,3.2,0.9253265122607974,1.0,3386.8686818244128
20161205,mrazomej,O3,-9.7,delta,0,0,3.6864000000000003,0.9459130346739901,0.9536423841059603,1936.4052725798585
20161205,mrazomej,O3,-9.7,delta,0,0,3.4304,0.9327184197765863,0.9305555555555556,2253.787515236152
20161205,mrazomej,O3,-9.7,delta,0,0,2.9184,0.8442450057278699,0.9827586206896551,1083.8811550333292
